startProgress,reactionTimeMeanMs,reactionTimeStdMs,falseTapRate,missRate,targetSwitchAccuracy,focusScore,nextStartProgress
0.7860643052769538,292.75604447618224,41.22637161140096,0.34782608695652173,0.6666666666666666,0.5,63,0.7798831259942017
0.7783834970737619,296.8753088769435,46.41563724098448,0.2608695652173913,0.6363636363636364,0.0,67,0.8001096678059697
0.8322598013952011,284.3376664732459,46.46651095723566,0.352112676056338,0.5,0.0,69,0.8607088645869153
0.3039500980626122,249.58411200336155,41.12351048321749,0.26785714285714285,0.6923076923076923,0.5,66,0.3289737138213057
0.4063868614400705,252.8013765993533,38.94884739096752,0.1896551724137931,0.4444444444444444,0.5,77,0.5382772803328694
0.2658699614595196,256.20545031033816,46.24292826343619,0.2545454545454545,0.34615384615384615,0.0,78,0.4202698951389549
0.49399081924451893,252.49507107206253,49.15038589925038,0.19672131147540983,0.5714285714285714,0.5,72,0.5105671965755588
0.5717280523760754,266.8399176952065,47.98115676891854,0.31746031746031744,0.5517241379310345,0.5,68,0.5243303017193944
0.2909178381401186,448.49985746551437,58.804186475758485,0.45454545454545453,0.7692307692307693,0.0,52,0.28617230509572333
0.5188583603864491,569.3033227538035,65.39148208013839,0.3770491803278688,0.8275862068965517,0.0,50,0.584895477675699
0.8311126721249061,511.5566693688856,97.02834556262098,0.4507042253521127,0.8823529411764706,0.0,46,0.8347360684009759
0.6776586736128575,452.406261495001,41.15090934609683,0.5,0.8709677419354839,0.0,47,0.6788839333166342
0.12375380365034461,501.16247474558355,66.61433770796438,0.34615384615384615,0.6666666666666666,0.0,58,0.12737339491545957
0.41911431931630383,475.91790535778927,108.66046904198019,0.39655172413793105,0.6428571428571429,0.0,57,0.5075559977399907
0.4125715692736803,506.145205706964,142.5291077510659,0.3448275862068966,0.8214285714285714,0.0,51,0.5287742560432966
0.06655885695517816,518.4445816794987,80.53073948179855,0.28,0.75,0.0,57,0.05703190719619155
0.5045262370222301,550.7043259887499,99.18630197538782,0.3442622950819672,0.5,0.5,62,0.5066249089564798
0.778996354578129,553.626119418485,106.30585593518182,0.30434782608695654,0.3333333333333333,0.5,70,0.7671335164367407
0.6329176292676207,537.0893926611094,97.49690124464178,0.24615384615384617,0.36666666666666664,0.5,71,0.6572680881565983
0.46598515298122734,539.0055979084062,94.48784456649452,0.2,0.39285714285714285,0.0,72,0.5059781228576391
0.43790403719875326,554.3103897943673,108.79750438439726,0.1864406779661017,0.35714285714285715,0.0,73,0.455489501439433
0.9184418955155542,547.0744631977875,75.50925403374629,0.18666666666666668,0.4857142857142857,0.5,69,0.8591544796178414
0.849408842923073,546.7483183002176,92.0753426320838,0.375,0.29411764705882354,0.5,69,0.8418390692856167
0.5724131499586373,555.1005736299105,95.38635689016054,0.23809523809523808,0.3103448275862069,0.0,73,0.5606854864926869
0.3162141518240431,401.0915956587905,52.98246638477928,0.05357142857142857,0.038461538461538464,1.0,93,0.4069235750672101
0.9584291809009724,431.6997045043451,49.08572408778354,0.06578947368421052,0.1111111111111111,0.0,89,1.0
0.6491490501342744,411.00935398082066,37.513857505241816,0.18461538461538463,0.0,1.0,90,0.7940987034482151
0.9033278719640531,417.6018251815309,51.66061896742794,0.13513513513513514,0.02857142857142857,1.0,90,1.0
0.6218977733752458,408.234617882624,55.79495658112788,0.09375,0.03333333333333333,1.0,91,0.7498229594196056
0.20197903768878156,381.75873304201576,53.72342939040415,0.09259259259259259,0.0,0.5,93,0.3432708882299023
0.18517934495356758,378.3046650116719,47.698917599873134,0.1320754716981132,0.0,0.5,92,0.310861526471485
0.3330941610106378,385.9036085418239,54.162595029083754,0.125,0.0,1.0,92,0.47565982707892396
0.8131593458201128,684.5336617625098,178.8970530872994,0.4084507042253521,0.6363636363636364,0.5,51,0.8671843506582191
0.12602634174662652,603.0138143638401,175.85977774513412,0.19230769230769232,0.6666666666666666,0.5,60,0.11790978235480462
0.6217920298607565,628.0580191851725,176.86579264970098,0.359375,0.6666666666666666,0.0,53,0.636963231235363
0.7257696347154339,594.6545634463962,84.27839424224395,0.4626865671641791,0.59375,0.0,54,0.6792864542060624
0.4698008881748279,593.9627789661085,201.28602900548668,0.35,0.5357142857142857,0.5,58,0.4712239472542129
0.7193125336908236,687.8235065165602,192.18190970059717,0.31343283582089554,0.5,0.0,59,0.7226717738234018
0.27811335687148786,512.1766673087818,147.02100662757624,0.21818181818181817,0.6538461538461539,0.0,62,0.27397655232850254
0.8767107972646193,555.912409884317,178.3730598446371,0.3561643835616438,0.5,0.0,61,0.88081292461367
0.846478536067957,454.60057178964166,40.60845710171602,0.23943661971830985,0.29411764705882354,0.0,76,1.0
0.11895331074021132,382.77720865025935,68.38966453173506,0.07692307692307693,0.4583333333333333,0.0,77,0.31381171698827104
0.7508385847448596,430.1696476087203,36.50519449810655,0.23529411764705882,0.4375,1.0,72,0.6896099744545914
0.17723550124927256,424.6984523800603,36.23661442220579,0.18867924528301888,0.36,0.5,77,0.33991370880394745
0.12580701831228525,395.04033588577255,42.33431478228629,0.25,0.20833333333333334,0.0,80,0.2757143588677984
0.32049116167801617,421.3759975650726,30.724105580358625,0.19642857142857142,0.5384615384615384,0.0,70,0.29898465860189527
0.9238744994985063,452.030223587487,44.56585807250939,0.29333333333333333,0.45714285714285713,0.5,69,0.8792898209757892
0.3900625901565292,438.96083297143815,48.965775709565136,0.25862068965517243,0.6296296296296297,0.0,64,0.328317582055646
0.9994219092241878,558.2651975626072,66.31336534139358,0.08974358974358974,0.24324324324324326,0.5,81,1.0
0.14686373482140425,479.78047361889844,79.73541681129755,0.07692307692307693,0.28,0.5,81,0.3161168862711411
0.13721125779061238,459.7489210574142,97.182062502577,0.09615384615384616,0.24,0.0,82,0.27197176862440725
0.385369480857103,509.96196880949765,82.8788303092129,0.08620689655172414,0.14814814814814814,0.0,85,0.5218852316226128
0.3607586865182536,483.394900992262,92.48265528246715,0.12280701754385964,0.07407407407407407,0.5,87,0.5172988838940399
0.5847527028049366,532.2602163305717,77.48281851560849,0.14285714285714285,0.13333333333333333,0.0,83,0.7180315605080209
0.9275048596250496,539.47713954175,86.28668348093055,0.24,0.2571428571428571,0.5,75,0.8812062743357127
0.5942726943015799,492.34100012412574,96.41676012060964,0.12698412698412698,0.3,0.0,78,0.7636220197600802
0.4049940614958173,301.31093583261975,59.79273009106554,0.13793103448275862,0.4444444444444444,0.5,78,0.5620466055741608
0.8347076643269359,291.44274654554926,47.936320113831385,0.36619718309859156,0.3235294117647059,0.5,74,0.8220101221334286
0.3863414572231818,278.0038804624628,55.132433545103666,0.13793103448275862,0.3333333333333333,0.5,82,0.5414595942252662
0.53721888369434,305.1766525728347,57.92297009220294,0.22580645161290322,0.41379310344827586,0.5,75,0.5670388399553393
0.9366696918651266,291.078534721338,60.35566826107598,0.3333333333333333,0.3333333333333333,0.0,75,0.9509624687735517
0.6718541886140673,259.9012323255079,54.90672403927679,0.18181818181818182,0.5483870967741935,0.0,73,0.7400882958358499
0.29132945355846573,258.3801390287604,38.356213908785186,0.2545454545454545,0.38461538461538464,0.5,77,0.42883738539416216
0.36081056141751533,254.55989128863138,65.57427689457333,0.2982456140350877,0.2962962962962963,0.5,78,0.5347809581478492
0.10865710326226241,474.86324272174454,154.85990872457415,0.28846153846153844,0.625,0.0,61,0.13070477241033018
0.1697999737727075,397.37116716210863,104.93571211681876,0.2830188679245283,0.64,0.5,63,0.12392669048600986
0.235256388415645,383.3864190661143,123.60580960663502,0.07407407407407407,0.6153846153846154,1.0,71,0.2490854516077082
0.20799807370846057,347.7567601354174,135.37636233338264,0.24074074074074073,0.56,0.0,68,0.22083205956144486
0.9233469677258123,505.896248664065,135.6525206830239,0.29333333333333333,0.6857142857142857,0.0,58,0.9264909159704138
0.9437983681037112,544.8543765244953,202.27286124166426,0.38666666666666666,0.6388888888888888,0.0,55,0.9496358998695021
0.12829325851112017,398.52230645657033,160.85805936695883,0.21153846153846154,0.5,0.5,69,0.10802915067227205
0.24672505347947127,462.5596312317569,185.3001315977529,0.2037037037037037,0.5,0.0,68,0.21877783604007808
0.658480768393292,413.02823814713815,33.935070381314645,0.26153846153846155,0.41935483870967744,0.0,72,0.6133626474530652
0.7100168800546234,423.6705511766759,45.09413889585252,0.26865671641791045,0.4838709677419355,0.0,69,0.6835088237204128
0.9898230692048735,432.47325322595856,27.502467944854313,0.2948717948717949,0.6666666666666666,0.0,62,0.9742777419622007
0.2463522417832268,393.2556633797691,27.68141371846887,0.2222222222222222,0.5769230769230769,0.5,69,0.337058009939197
0.6235463696427459,414.6761514208875,47.26531048280501,0.296875,0.6,0.5,64,0.6354230044721904
0.49181258141290995,417.6950091795243,51.75544640192763,0.2786885245901639,0.5,0.5,68,0.4787846570099608
0.5699829035940329,414.8731729118675,26.67663815668315,0.3492063492063492,0.6206896551724138,0.0,62,0.5809350574069737
0.25043308673188824,417.1720191882442,40.44863498984837,0.2962962962962963,0.4230769230769231,0.0,71,0.2670177381329564
0.127225961891828,519.8527864462176,53.61420891266473,0.15384615384615385,0.2916666666666667,0.0,78,0.29770793868864853
0.8930524847532526,584.8841420579996,64.77178865522463,0.2054794520547945,0.22857142857142856,0.0,77,1.0
0.41393031905460087,546.8932951316549,72.28054384232121,0.13793103448275862,0.32142857142857145,0.0,76,0.5844684339810133
0.848978422624854,561.2129934996025,61.025229604573575,0.18055555555555555,0.4117647058823529,0.5,72,0.8126143070807198
0.07124447736659112,513.9141218765552,40.089331886872046,0.0784313725490196,0.375,0.0,78,0.21263531069735195
0.4143537719943613,558.3704559281855,55.00442849479489,0.1724137931034483,0.39285714285714285,0.5,73,0.43616670247304373
0.022268820629600006,536.568240611585,54.41672478751648,0.2,0.391304347826087,0.5,72,0.09335613423990897
0.4748768364757039,553.2902528027319,53.086948198428516,0.15,0.2857142857142857,0.0,77,0.6050028789335743
0.5719506256412027,376.5944841926628,65.36342276516834,0.38095238095238093,0.5862068965517241,0.0,62,0.587138128865762
0.5332498098317082,357.93715274641625,43.71190296316819,0.21311475409836064,0.6206896551724138,0.0,68,0.549540365581127
0.02520494712616217,371.6444142964939,26.03378788135196,0.24,0.391304347826087,1.0,75,0.03547129635465264
0.09327090532432725,365.19955689173526,37.89827730709125,0.1568627450980392,0.5416666666666666,0.5,72,0.09757227252647263
0.893743128716272,410.46189955762503,47.819525786183156,0.2328767123287671,0.5714285714285714,0.0,68,0.9065069220772151
0.5841621491832959,383.4982050593255,52.070988333079185,0.3333333333333333,0.6,0.0,64,0.5974634417072016
0.587634974653043,373.68114342620197,60.272761261313114,0.20634920634920634,0.4666666666666667,0.0,73,0.6117552487901101
0.6537304725769206,368.1836823263003,53.916873443477044,0.23076923076923078,0.5806451612903226,0.0,68,0.6542933558918608
0.5219801141180507,469.6858660394932,94.83012172624079,0.26229508196721313,0.5172413793103449,0.5,67,0.477993780284277
0.036430195682883304,422.3084707435739,114.30465716149529,0.2,0.375,0.5,74,0.011609450856936841
0.7284818669019314,441.9046937964105,112.70756730913425,0.2537313432835821,0.25,0.0,76,0.8172062695756835
0.20895960748461406,480.7557100342585,113.12155631689998,0.2777777777777778,0.28,0.0,74,0.1967148455462159
0.056288812981991176,454.4853040475658,115.88030140102082,0.22,0.4583333333333333,0.5,70,0.14566426282989847
0.5214432101579942,468.42033358580255,142.6027048438162,0.16393442622950818,0.3793103448275862,0.5,74,0.4392527578509825
0.010934721110663737,423.17414687671874,106.98560328197291,0.28,0.391304347826087,1.0,71,0.0
0.5374375733539766,439.7420333367619,113.0678511642099,0.22580645161290322,0.3793103448275862,1.0,73,0.4730853049831777
0.48137539726165823,481.46498142279,38.349843680207705,0.25,0.35714285714285715,0.5,73,0.45609196434930177
0.4462500211613094,500.5637808948215,45.67862869065745,0.13559322033898305,0.42857142857142855,1.0,74,0.4573065957314596
0.050944089003022275,483.5634953976555,36.26178046301142,0.16,0.4166666666666667,0.5,74,0.02676014435584064
0.11944843592870036,466.1179247003026,32.14162000464742,0.25,0.16666666666666666,0.5,80,0.2687319409953813
0.012397213915795957,483.8932328731087,40.650158996166354,0.14,0.30434782608695654,0.5,79,0.18078568744873566
0.7467317148380467,526.8257985880026,40.064291758440284,0.17647058823529413,0.34375,0.5,75,0.7565189918575407
0.8931303060700324,519.5902850741315,40.212433295149275,0.2328767123287671,0.4,1.0,72,0.9527352797618953
0.9021496684090012,541.4938348055799,42.771450746253926,0.2702702702702703,0.45714285714285713,0.5,68,0.9205584139864038
0.42016285452463864,479.51613841706535,76.68513066946223,0.3103448275862069,0.42857142857142855,0.0,68,0.40447381400782734
0.47188071242948937,510.94429949363024,67.31706663995158,0.31666666666666665,0.5,0.0,65,0.4720936268475574
0.9869445812038946,537.3453908024853,78.77994796154634,0.41025641025641024,0.4722222222222222,0.0,62,0.9489231329164649
0.5122890427049458,482.0898681613046,49.41860739149574,0.36065573770491804,0.4482758620689655,0.0,66,0.5304488679628242
0.17497783748748819,434.42622472811894,75.47228771414896,0.33962264150943394,0.56,0.5,63,0.1947887553302321
0.5250932333448638,486.7480887817065,73.48674189446407,0.3442622950819672,0.4827586206896552,0.0,65,0.5315700080362665
0.11694723308920829,457.6949995417477,77.99011530507448,0.25,0.375,0.5,72,0.21527697731867068
0.492462917000433,505.3543720325207,70.96177680087423,0.22950819672131148,0.6785714285714286,0.0,62,0.49701792476611345
0.9807574679083522,566.1944026867474,126.22039571223155,0.2564102564102564,0.4722222222222222,0.0,66,0.9845362675811377
0.37646943440636593,503.3332508941414,91.55921181726757,0.08771929824561403,0.37037037037037035,0.5,77,0.532036093197776
0.24954817593872036,482.4209293180568,120.65790370899974,0.2777777777777778,0.2692307692307692,1.0,74,0.2883680951732696
0.6230715035620354,550.5690572595056,86.73149164758286,0.234375,0.36666666666666664,0.0,71,0.6281181114192744
0.6741443008931345,483.74040674476356,147.4892403819564,0.30303030303030304,0.25806451612903225,0.0,73,0.6946048489699022
0.14794691330471144,443.53350659500234,85.2688393231654,0.11538461538461539,0.48,0.5,74,0.14959411411867854
0.930594270876904,550.0048005161527,137.96101114176201,0.22666666666666666,0.42857142857142855,0.0,68,0.9653813011446837
0.09807982709093244,474.36389347689175,152.67437624501892,0.11764705882352941,0.4583333333333333,1.0,73,0.05129278704995568
0.14128926708710055,254.07783460940615,51.01373837165882,0.21153846153846154,0.16,0.5,86,0.29647501991779873
0.6146062192524261,283.2259674663708,59.56380848213229,0.203125,0.26666666666666666,0.0,82,0.8118016579390184
0.6593141959164528,257.6187882298031,43.6232334343273,0.15384615384615385,0.3225806451612903,0.5,82,0.8073965238651334
0.7111627981941575,264.91038672165985,37.412043417068006,0.2537313432835821,0.2903225806451613,0.5,80,0.8612454558472549
0.3033376326821986,246.51532049358187,49.46182076736583,0.17857142857142858,0.15384615384615385,0.0,88,0.43765478681279046
0.0766386614508815,261.98573679619,45.18562903414309,0.09803921568627451,0.25,1.0,87,0.2235740422457172
0.5534313698869836,272.9472397868403,35.68367868439975,0.12903225806451613,0.3103448275862069,1.0,84,0.708535236922104
0.3306005541409779,255.78181250923407,45.103184793130175,0.14285714285714285,0.18518518518518517,0.5,88,0.4943727881605557
0.0373102924029276,418.85148209459135,74.1722595506534,0.28,0.5,1.0,68,0.0
0.6416604053632571,537.415252520676,66.61599975769506,0.24615384615384617,0.5,0.5,67,0.6899909183824771
0.49156576733699897,493.96194690842736,102.40060338594145,0.26229508196721313,0.42857142857142855,0.0,69,0.44550202600068073
0.10178598874901745,493.42513367164037,83.99320856345186,0.2692307692307692,0.25,0.5,75,0.16626240784771706
0.8217730593732004,501.8237758956893,116.6527260496084,0.2535211267605634,0.36363636363636365,0.5,71,0.8130873148501478
0.1350508046797747,559.8085481325087,89.81397123104897,0.23076923076923078,0.375,1.0,71,0.16095536376855718
0.268513647639822,517.0518316994452,71.50156070196785,0.14545454545454545,0.3076923076923077,0.0,77,0.412886247801708
0.05438197416681778,480.8049274726876,91.20767472548047,0.2,0.3333333333333333,0.0,75,0.10477596942097547
0.04043193139300372,200.93025060041182,42.397002024688824,0.32,0.5833333333333334,0.5,68,0.029308079673487343
0.020442983142750837,203.6764323662538,88.89254098950526,0.18,0.4782608695652174,0.0,75,0.010033837920225991
0.8267149196021867,257.1096426251097,94.1196746358713,0.36619718309859156,0.48484848484848486,0.0,68,0.8270346807841392
0.6448731146778622,308.2563118026726,129.03020749310633,0.2923076923076923,0.5666666666666667,0.0,67,0.7218736267472963
0.10965589919169827,241.09038464480096,76.4086220547737,0.23076923076923078,0.5833333333333334,0.0,70,0.07581181374460504
0.154444643485386,258.22463547151915,114.7633045171375,0.2692307692307692,0.6,0.0,67,0.1423165788169661
0.2924677048065638,292.35258169940846,88.45247193718187,0.2,0.5,0.0,73,0.2439729730841748
0.44573266335973283,316.98203250172946,73.40676537427885,0.3050847457627119,0.6428571428571429,0.0,64,0.4384834219778648
0.869457123234689,334.80523474364026,46.57283177423862,0.2054794520547945,0.23529411764705882,0.0,82,1.0
0.6427297307910954,338.22275447292594,48.119095066265736,0.15384615384615385,0.1,1.0,88,0.7547710204210655
0.9083456755415963,357.53044487650146,63.18488206499119,0.17567567567567569,0.2571428571428571,0.5,82,1.0
0.5425440710475263,328.8592545079884,48.14949987147639,0.1774193548387097,0.20689655172413793,0.0,84,0.6872722680443615
0.8197267711447329,341.90572077881575,48.557744088147196,0.16901408450704225,0.21212121212121213,0.5,84,0.9350390558957549
0.2616549156329441,310.80097446443534,61.052430595204164,0.2222222222222222,0.07692307692307693,0.5,87,0.390413990456013
0.9602260045229679,351.67417505766684,39.610276064052925,0.2236842105263158,0.1111111111111111,0.5,85,1.0
0.7229339986919212,323.8834267713172,54.64326711725756,0.13432835820895522,0.15625,0.5,87,0.8879424697799928
0.5638058980177268,516.1423009413853,96.04284312957228,0.38095238095238093,0.6896551724137931,0.0,55,0.6257549203562414
0.9145992443717617,523.8153005932106,73.59897419070549,0.28378378378378377,0.6,0.0,62,0.9024045298520253
0.7048734679721188,567.9972909789063,55.632317667532654,0.31343283582089554,0.6129032258064516,0.0,60,0.6598645275569254
0.8668420624138758,555.2797704059648,53.109577303990235,0.3287671232876712,0.6764705882352942,0.0,58,0.863082645102491
0.49769712947410594,485.4563501667311,59.67751559014848,0.19672131147540983,0.75,0.0,61,0.5134895803199495
0.9590263840124423,541.5227103050022,78.57480695569444,0.2894736842105263,0.5277777777777778,0.0,64,0.9719751398356049
0.20230861884209816,469.5586762301538,33.25684430683308,0.18518518518518517,0.76,0.0,62,0.22740837470897196
0.46675292591894,526.2336359817263,105.7750089294907,0.26666666666666666,0.39285714285714285,0.0,69,0.44070108086453424
0.4527717451128178,360.3859844661089,111.72451014861396,0.22033898305084745,0.35714285714285715,0.0,76,0.6016626776166596
0.13528192851118992,338.1882802151712,138.85855312100736,0.25,0.5833333333333334,1.0,67,0.12570308590653698
0.8000780691915278,339.4840386235351,104.9372463984593,0.2571428571428571,0.3333333333333333,0.5,76,0.9439796257727445
0.6170229101605608,394.2640292661613,113.12978432058338,0.34375,0.36666666666666664,0.0,70,0.6557249268002062
0.7708102818323926,316.91327305592887,90.02805591762584,0.3188405797101449,0.5,0.0,68,0.7638597862579062
0.5093003132248218,356.58871480420174,78.49445450219046,0.2459016393442623,0.2857142857142857,0.0,78,0.6676059070301309
0.8600064980626039,327.75394730629773,106.61109759789211,0.3194444444444444,0.5294117647058824,0.5,67,0.7913565509632218
0.9187979929823424,390.13165343417836,133.29734177158147,0.25333333333333335,0.42857142857142855,0.0,71,0.940682885199916
0.0711688225478937,369.87073501495723,62.249644751001725,0.37254901960784315,0.5416666666666666,0.0,64,0.07923512425327292
0.06716276395770027,450.90069069125127,137.67118893696818,0.23529411764705882,0.7916666666666666,0.0,58,0.06251479258331011
0.8544897363655244,404.43718086923855,90.28159979757136,0.3611111111111111,0.8823529411764706,0.0,52,0.8965866568774912
0.030480909124649402,306.3962989737278,75.66839593246814,0.26,0.7391304347826086,0.0,63,0.07294165994119967
0.7930794326950212,349.0779511545558,90.83449391192065,0.4142857142857143,0.696969696969697,0.0,58,0.8090604229368266
0.9097935450039947,454.7782408598511,102.14410946743716,0.5,0.8,0.0,48,0.9546786657973909
0.9399825937049925,465.7215339300548,71.72353291478419,0.4266666666666667,0.7222222222222222,0.0,54,1.0
0.8400570085219016,431.4695257253871,70.88669394139927,0.43661971830985913,0.6470588235294118,0.0,57,0.8389787750644933
0.6915541471074186,429.16564222371386,65.0044289699753,0.15151515151515152,0.45161290322580644,1.0,74,0.6760782850813685
0.02620935654880885,379.8477863045318,71.64850274160837,0.1,0.2608695652173913,1.0,83,0.20976074554631707
0.019422788058740426,403.52551575139483,74.38025512678038,0.16,0.17391304347826086,1.0,84,0.17175215635976887
0.23686060312728807,399.4473793686038,72.73535620080968,0.18518518518518517,0.11538461538461539,0.5,85,0.3886393139450738
0.5840633426960506,406.94252171608144,72.553730776715,0.25396825396825395,0.16666666666666666,0.5,81,0.7202230437114064
0.2883867034141697,394.4581081076714,62.42230039347984,0.14545454545454545,0.2692307692307692,0.5,81,0.43727718308904306
0.12201493186283818,394.1828796816045,60.092734801953554,0.09615384615384616,0.16666666666666666,0.0,87,0.27562808972185243
0.36610566221644936,398.38475167541964,66.31364647772733,0.12280701754385964,0.14814814814814814,0.5,86,0.53783218055391
0.1906427566059925,482.136232121308,148.0414545810895,0.2641509433962264,0.56,0.0,64,0.2583934062364922
0.729818921063804,353.02971069041405,207.23209436540932,0.4626865671641791,0.75,0.0,52,0.6702966513065298
0.8571585954487491,449.91832069314177,196.2152610850503,0.3611111111111111,0.7352941176470589,0.0,54,0.8953437071948414
0.9386106707732477,401.6580965843271,184.92804440317417,0.4,0.6666666666666666,0.0,56,0.8786548595888419
0.0009261067314049187,341.70176863211043,188.39409317458396,0.26,0.6521739130434783,0.0,63,0.0
0.8700953896137721,485.25289840783074,207.40497406873476,0.3287671232876712,0.5882352941176471,0.0,59,0.7471741787809201
0.1323852912543504,540.5451162658557,129.8995501082598,0.2692307692307692,0.75,0.0,56,0.11330045517362713
0.8545268680421961,514.5995655656753,182.68777273476277,0.2777777777777778,0.7058823529411765,0.0,57,0.8848116027891739
0.14861983627690378,572.1609926500765,150.1878322177743,0.11538461538461539,0.32,0.0,75,0.22219991638980632
0.7791385153436107,560.6229532665776,110.53105931535332,0.2608695652173913,0.3333333333333333,0.0,71,0.7962121345444677
0.6440868573366405,612.0715393643231,133.02988804868139,0.18461538461538463,0.36666666666666664,0.0,71,0.6760433744402814
0.18753144657220833,562.8411847631712,90.26714826350056,0.07547169811320754,0.32,0.5,78,0.35338838894256197
0.5523847893120535,630.1923519096798,77.60430926053986,0.14516129032258066,0.41379310344827586,0.5,71,0.5381203302496812
0.2749316919703817,574.342686974208,101.75400910574879,0.2545454545454545,0.34615384615384615,0.5,70,0.3050601745634963
0.11527076780574497,612.1786378605888,129.84812492317226,0.23076923076923078,0.2916666666666667,0.0,72,0.17930577275282866
0.3938347561850223,600.9652218311044,105.20222511066132,0.25862068965517243,0.7037037037037037,0.5,57,0.35982646117946
0.21671231241323197,430.8835122929436,94.30135479840656,0.12962962962962962,0.0,0.5,90,0.357292307188247
0.5952156885166495,398.28091010806367,103.2779810955703,0.14285714285714285,0.16666666666666666,1.0,84,0.7411918932467545
0.8728055319953978,440.7225813504922,87.04157856344068,0.1506849315068493,0.058823529411764705,1.0,87,1.0
0.5317788432846094,440.32569909730677,95.28945520688119,0.09836065573770492,0.0,1.0,91,0.6534755078149592
0.22965233623958103,451.182381138021,93.90350428383822,0.09259259259259259,0.08,0.5,88,0.34321317164821946
0.2233225881619405,393.2006717261095,92.34159386120668,0.09259259259259259,0.04,0.5,91,0.41133339327062274
0.4505398055116595,421.2357465392,88.17897509351374,0.05084745762711865,0.0,1.0,93,0.590330988533514
0.621480557535144,416.2242742408692,116.815129627119,0.140625,0.06666666666666667,1.0,87,0.7744450194588136
0.003207690685184006,399.7032004719705,63.51986779136354,0.08,0.2608695652173913,0.5,84,0.14043616687764357
0.019718944011485773,405.10383759465634,74.22283815313405,0.1,0.08695652173913043,0.5,89,0.16451741322238578
0.40594439748796973,426.2578278754771,53.75879276117217,0.20689655172413793,0.25925925925925924,0.5,79,0.5451538480925618
0.42663499755445067,406.99616562628233,72.54948567954523,0.27586206896551724,0.21428571428571427,0.0,78,0.6089606326257252
0.7849619132881778,443.31994643814863,87.61753247371972,0.21739130434782608,0.30303030303030304,0.0,76,0.9451898932116652
0.9179425016228697,420.45350583763246,58.39160433663286,0.18666666666666668,0.2857142857142857,0.5,79,1.0
0.6661786521150226,443.9598152760629,68.40872092385167,0.2153846153846154,0.22580645161290322,0.5,79,0.850369344427548
0.8290382557516824,417.7884227037106,70.33134520188123,0.15492957746478872,0.23529411764705882,0.5,82,0.9850068804751838
0.14775344507210741,591.8952328899285,75.63568123302015,0.1346153846153846,0.16,0.5,81,0.2591227229446401
0.27053962868541603,608.0183005008374,84.09373550550154,0.14545454545454545,0.2692307692307692,0.5,77,0.38017474696942266
0.6325712197859872,624.6463995560287,85.22996913516414,0.1076923076923077,0.13333333333333333,0.5,82,0.8005184489663877
0.6260488772454097,605.0039400565637,88.35467452448475,0.109375,0.3333333333333333,0.5,76,0.7998156080125884
0.5188142491538,593.5842358326705,82.54858160712537,0.14754098360655737,0.1724137931034483,1.0,80,0.714563249166863
0.10119944592677466,558.7106504926525,77.92845085677456,0.17647058823529413,0.125,0.5,82,0.2140790321290389
0.6137138167259192,606.6448499240762,64.16903605349921,0.109375,0.2,0.0,81,0.8018896238950586
0.06873830197841146,517.5914017114638,72.70712618871453,0.13725490196078433,0.16666666666666666,0.5,83,0.18791684204838358
0.2887410352398029,523.4669265348864,87.89635227197496,0.2545454545454545,0.4230769230769231,0.5,69,0.294043823635629
0.9037907080779705,621.3795501184809,118.14438667058039,0.28378378378378377,0.6285714285714286,0.0,58,0.8500593299935624
0.7494776291225896,602.1746937954422,148.57140316380656,0.29411764705882354,0.5625,1.0,60,0.7156467173335539
0.1041430126970253,553.3023480717427,92.42679913590982,0.23076923076923078,0.375,0.5,71,0.09081802206167967
0.9522967977656314,605.920204455548,86.8113745721046,0.2236842105263158,0.5277777777777778,0.0,65,0.9788007237826414
0.2396857008411215,520.6585110041552,206.7509524500561,0.1111111111111111,0.34615384615384615,1.0,75,0.16017066765706767
0.866058715183836,555.5704876121271,110.4004576093715,0.2602739726027397,0.5882352941176471,0.0,62,0.8622387922514503
0.5643533069491241,565.5297294616257,108.9864354643598,0.2222222222222222,0.5172413793103449,0.5,66,0.4949964108199376
0.6709392749216151,608.9811723414748,89.71887394612746,0.1076923076923077,0.2903225806451613,0.5,77,0.8239852823725615
0.5544498819965276,606.483935292527,93.24089557015861,0.14516129032258066,0.27586206896551724,1.0,76,0.6744286933240973
0.0420306414319922,575.8606065901522,90.03246010913136,0.16,0.20833333333333334,1.0,79,0.19094368012931076
0.9611723908966826,633.4193715265219,70.25838993659204,0.23684210526315788,0.25,0.0,74,0.9460829639328316
0.037274887993038686,567.1261990753582,63.02015768528674,0.1,0.20833333333333334,0.0,81,0.16508646738425387
0.7992163802511801,620.0986862852225,68.42606258619651,0.21428571428571427,0.30303030303030304,0.5,73,0.8518258454009514
0.8612373420184543,642.5018461889847,78.43718586972113,0.1527777777777778,0.4117647058823529,0.5,71,0.9233799287582235
0.15168561711649142,606.2966202873266,58.12937954408264,0.15384615384615385,0.2,1.0,79,0.30575290761040563
0.15451470815614743,422.86775104175996,119.16890066064498,0.2692307692307692,0.4,0.0,71,0.17895715615910515
0.08328922038460107,405.1089779171395,152.77235867481926,0.2549019607843137,0.2916666666666667,1.0,75,0.147086693318229
0.1292510889476195,430.8456357544433,80.52009352115627,0.11538461538461539,0.375,0.0,78,0.27773653822104266
0.5348019131804018,438.1466897055528,91.79915559836782,0.2786885245901639,0.3448275862068966,0.5,73,0.47793276352245384
0.2830324880626349,405.0705725763437,99.19630417026927,0.21818181818181817,0.4230769230769231,0.0,73,0.3172194115222871
0.9906247733684951,491.8541538846487,100.61157030811873,0.21794871794871795,0.5277777777777778,0.5,67,0.9745848342163997
0.4599487369365248,427.6738152221805,68.00482924455501,0.288135593220339,0.6785714285714286,0.5,61,0.5256626636906522
0.15539966623207313,395.6029474510645,134.50521161731805,0.21153846153846154,0.44,0.0,72,0.11247966006813896
0.037206038233439376,389.56018872172746,109.0696901501116,0.22,0.6666666666666666,0.5,64,0.04419051213348757
0.6508859263236664,392.8576619038782,114.51489129972657,0.27692307692307694,0.8709677419354839,0.0,55,0.7089694516052389
0.07462963116931176,382.0412015886603,152.8009673130882,0.19607843137254902,0.6666666666666666,0.0,64,0.09102963010233961
0.7697539544642392,376.08208336822554,130.40890817774542,0.36231884057971014,0.8125,0.0,54,0.836741341133895
0.9078020527624597,382.5148836807991,173.6007949587132,0.3783783783783784,0.6,0.0,60,0.8823392796672663
0.5058310965565258,481.26776379169706,168.00188836026626,0.3442622950819672,0.75,0.0,54,0.5742751589710406
0.4030487826702711,287.87702662997515,103.65386282582813,0.29310344827586204,0.8148148148148148,0.0,59,0.3878025703621739
0.7138092142026506,397.00990791025345,114.3231701454311,0.373134328358209,0.6875,0.0,58,0.6743765415666544
0.8692078108304946,499.57885362006317,102.88182680095562,0.4657534246575342,0.7941176470588235,0.0,49,0.905370408802505
0.7057380542422326,468.3366509831193,56.665939734289424,0.373134328358209,0.6774193548387096,0.0,58,0.6994765111336287
0.7931983742071566,424.72999502386847,109.33146262813457,0.42857142857142855,0.8484848484848485,0.0,50,0.843413672643467
0.20875548899907026,494.30991392095217,94.2450018246287,0.2962962962962963,0.72,0.0,58,0.16417990287704165
0.3412388046547036,444.11800833652944,89.73976708922376,0.26785714285714285,0.7407407407407407,0.0,59,0.26010002790144177
0.916659960195734,542.8818669637918,155.98088384983677,0.49333333333333335,0.7428571428571429,0.0,48,0.878424656674617
0.7606272321111164,414.598642487614,132.2286519809233,0.4492753623188406,0.8125,0.0,50,0.7382131724142283
0.738843045933042,467.37234867008806,156.63288512993836,0.3382352941176471,0.71875,0.0,56,0.8092791413781463
0.25454721178600914,507.35897854372115,42.575388659058945,0.05555555555555555,0.07692307692307693,1.0,89,0.38821025373850004
0.7316480902109319,549.2346085453148,38.75664538890771,0.13432835820895522,0.09375,0.0,85,0.9113585199838179
0.8398742827317391,545.4818051716709,38.68625293563307,0.15492957746478872,0.029411764705882353,1.0,87,1.0
0.4348010845499275,542.1018658091331,29.0257175199358,0.06779661016949153,0.10714285714285714,0.5,87,0.5873819311216723
0.9097922838293668,553.4840239409036,39.701480539439565,0.10810810810810811,0.08571428571428572,1.0,86,1.0
0.8495852569643018,561.9555796078099,39.916136859276264,0.06944444444444445,0.058823529411764705,0.5,88,1.0
0.6230055720776897,523.7542931729057,38.63770869063324,0.078125,0.2,0.5,84,0.7822366504369153
0.5426880443807649,520.1504025002605,36.835632068688916,0.0967741935483871,0.13793103448275862,1.0,85,0.7169791814998439
0.3919096766663541,334.1417636829469,132.5201246108479,0.1896551724137931,0.5555555555555556,0.0,70,0.43607701195314186
0.7192529907079513,331.93776964369414,101.31502064182749,0.3283582089552239,0.5,0.0,68,0.7413621307439419
0.16793623980141792,253.25419614123624,93.90413456788333,0.1346153846153846,0.56,0.5,74,0.15931370481491464
0.8612420444018316,374.3167259284236,185.15548303727445,0.2638888888888889,0.5294117647058824,0.0,67,0.8831655525651173
0.9535010148281706,355.4508819319346,168.0452031349774,0.3157894736842105,0.3611111111111111,0.0,71,0.9397518679666564
0.6778722935645294,306.63644156619176,115.23143674591802,0.3333333333333333,0.6774193548387096,0.0,62,0.6219973771932179
0.15441942802223374,364.1442875755092,154.25257241827117,0.28846153846153844,0.64,0.5,63,0.13066361486400435
0.370327474936179,385.9498440683005,109.4346597805665,0.3508771929824561,0.48148148148148145,1.0,66,0.43973043343675
0.06784878290399521,523.6679557428107,67.0784963295984,0.09803921568627451,0.08333333333333333,1.0,87,0.20338208971335056
0.5378464111657014,563.9795118513723,46.22237473183741,0.14516129032258066,0.06896551724137931,0.5,85,0.7112886697152353
0.7420497533209206,572.7947497597944,69.23308357203335,0.17647058823529413,0.1875,1.0,79,0.925021247780398
0.12388620303382702,527.6575367863047,48.52571543775531,0.07692307692307693,0.041666666666666664,1.0,89,0.2713669943828871
0.06182896069800192,520.3485870453416,58.155277135538896,0.06,0.08333333333333333,0.5,88,0.17923623888831602
0.8369503623191604,564.7345373247292,49.151291149651165,0.04225352112676056,0.20588235294117646,0.0,84,1.0
0.9977573142328605,614.9720222602662,69.43117782813212,0.10256410256410256,0.13513513513513514,0.5,83,1.0
0.7980427344855086,554.6280885578311,42.4673906269993,0.12857142857142856,0.24242424242424243,0.5,80,0.977599460485674
0.005639484822516971,520.9504831298179,57.89340902095888,0.22,0.5652173913043478,0.5,66,0.0
0.275163549680011,568.0829491553636,86.86949223458484,0.2,0.3076923076923077,0.5,74,0.2650359278642348
0.7035872571782559,562.3784268888403,74.34310894223988,0.31343283582089554,0.4838709677419355,0.5,64,0.7000924063585292
0.5624296180338006,555.388946069254,58.29799882795338,0.25396825396825395,0.2413793103448276,0.0,75,0.5698729337814126
0.8289309814874659,562.1313408287207,77.1849609513274,0.36619718309859156,0.3235294117647059,0.0,68,0.79252942591942
0.036851540610053135,543.5156456576135,54.28057827716549,0.26,0.3333333333333333,0.0,72,0.03770384022425758
0.0544404273944078,529.9186915909198,54.96540603993581,0.26,0.2916666666666667,0.0,74,0.08284588150946942
0.1694406005450485,524.4263504271131,57.49091340417259,0.2830188679245283,0.44,0.0,68,0.2000327714141121
0.7383189369523997,454.1346861089387,64.88149246146683,0.29411764705882354,0.46875,0.0,68,0.7399735834996346
0.46148107170759567,429.5267384997942,103.30962344537186,0.31666666666666665,0.6785714285714286,0.0,60,0.42284857894022826
0.1342056267053643,452.25682583306633,94.01541575480206,0.23076923076923078,0.75,0.0,60,0.1564084155082181
0.6538878578546925,480.22933958548987,94.74430961682089,0.35384615384615387,0.5161290322580645,0.0,63,0.6756474424275972
0.7813045172798514,469.7270420204065,63.60104798150041,0.2463768115942029,0.5454545454545454,0.0,67,0.7942621029632921
0.9470626418914286,490.80796215196244,103.49476036539231,0.2,0.25,0.0,77,1.0
0.16687111950842504,438.3832685979575,83.44399779132497,0.28846153846153844,0.6,0.5,64,0.16915622404656747
0.26807878240970484,456.33997920767797,64.33793597621421,0.18181818181818182,0.38461538461538464,0.5,75,0.23904422070997583
0.9061813657481139,443.5874086185807,46.005294208406774,0.20270270270270271,0.5714285714285714,0.5,68,0.869737263945272
0.37112755655273166,381.06513194636085,63.81301251379567,0.22807017543859648,0.48148148148148145,0.0,71,0.3791435365719434
0.7683525058504805,455.2538874302528,63.105350948110704,0.2898550724637681,0.46875,0.5,68,0.7767969355953257
0.5769744870776986,434.18208532765277,56.6074741347828,0.25396825396825395,0.27586206896551724,0.5,77,0.7143590529738741
0.9914862967950905,432.05012801117516,71.49465132542747,0.3076923076923077,0.4444444444444444,0.5,69,0.9198642560170146
0.6732200270834178,421.9863877821266,59.86506019058922,0.21212121212121213,0.3548387096774194,0.5,76,0.8530144721276253
0.2736887189585846,431.82404881641327,72.67367702881633,0.18181818181818182,0.19230769230769232,0.5,82,0.42636741383375776
0.45784219349337685,430.71588660708767,49.457763060233,0.1864406779661017,0.4642857142857143,0.0,73,0.47596539648088737
0.6914175930297486,555.540091892849,94.72098136084675,0.24242424242424243,0.3225806451612903,0.5,72,0.6447911394335201
0.24322079589035173,552.4763540640517,85.67621270880726,0.16666666666666666,0.5384615384615384,0.5,68,0.24340099851072577
0.5540710968913485,559.0433747871739,85.27238188813241,0.2903225806451613,0.41379310344827586,0.0,67,0.5484656917542282
0.7187607817481522,547.8264940377835,68.8272367647539,0.2537313432835821,0.53125,0.0,65,0.804470723346102
0.84158859675307,543.0007906601145,72.21540695131385,0.4084507042253521,0.5294117647058824,0.0,60,0.822784026522315
0.32941221611176796,539.943620088644,99.2648811826766,0.3392857142857143,0.48148148148148145,0.0,64,0.37066873862939614
0.9451655174597346,576.4554776882558,100.54395310873709,0.36,0.5,0.5,61,0.9060710926720166
0.18498309475490227,487.76524860633566,101.89242030973436,0.18867924528301888,0.4,0.0,73,0.20599593347702433
0.10480589988155764,463.90071554364886,98.86478928026393,0.21153846153846154,0.2916666666666667,0.5,76,0.24811284272792555
0.896183667971543,483.0823050684905,99.9935593166943,0.2191780821917808,0.34285714285714286,1.0,74,0.8547332164487923
0.6768753761626287,516.98143946645,117.5013443132686,0.19696969696969696,0.1935483870967742,0.5,79,0.7969284411882234
0.4577829402135195,459.6003912051561,103.52022055266313,0.22033898305084745,0.32142857142857145,1.0,75,0.43527164402625107
0.12561116946261086,434.16578100966746,100.69983724005596,0.17307692307692307,0.375,1.0,75,0.1916259361753726
0.10204299847463416,434.0010940680371,115.09020633201864,0.19230769230769232,0.125,1.0,83,0.2743510517365731
0.5823701518180548,473.17169772525386,102.5566903389592,0.12698412698412698,0.1724137931034483,0.5,83,0.7652508781253526
0.25571175360187537,475.6224817965894,124.196898638056,0.14814814814814814,0.11538461538461539,0.5,84,0.384340112148228
0.5095675177616621,442.0780351190289,82.25264831875894,0.2459016393442623,0.10714285714285714,0.5,82,0.690762060411688
0.06292070589938081,429.0753768152183,61.805525782080196,0.18,0.2916666666666667,0.0,79,0.2154657465053251
0.6684219163313505,471.8756612757266,73.75740978381876,0.24615384615384617,0.22580645161290322,0.5,78,0.8325923974135468
0.487517360565626,479.90511017451854,92.0674075821013,0.03278688524590164,0.14285714285714285,0.5,87,0.6343407062362609
0.21917413965322596,419.2765024869635,69.53349040023105,0.18518518518518517,0.2,0.5,82,0.39558423380287366
0.801357712516183,479.11382783063493,56.74801177722634,0.21428571428571427,0.24242424242424243,0.0,78,0.9520651248031319
0.17179569341333545,426.7852234125853,73.05449114763344,0.11320754716981132,0.32,0.5,80,0.28952389717414695
0.31263535419477406,443.66044888271773,70.55837026075386,0.16071428571428573,0.15384615384615385,0.5,84,0.4880142570234366
0.333913553780803,312.8704056210862,129.10418045447366,0.23214285714285715,0.6666666666666666,0.0,65,0.33001518876026525
0.6452815277610775,334.5170385162624,95.66024035513264,0.2153846153846154,0.5,0.0,72,0.6242000784785329
0.9521925363959002,374.9226937636961,114.27335554534763,0.35526315789473684,0.5,0.0,66,0.9124760414400089
0.01921680455661201,330.23355686396417,75.28940242587205,0.26,0.6086956521739131,0.5,67,0.08184834652617139
0.5267479465409566,329.4314088309933,76.99067732651055,0.21311475409836064,0.6551724137931034,0.5,67,0.551871619667563
0.5288144909503397,326.84963456244884,126.60831891748188,0.29508196721311475,0.5517241379310345,0.5,67,0.5193626555017752
0.6420535004227813,434.72720073868436,157.38184002902813,0.2153846153846154,0.7333333333333333,0.0,60,0.7021815569840089
0.34190330580935646,259.93315708042184,107.39859586656978,0.19642857142857142,0.5555555555555556,0.0,72,0.413831002208497
0.6279035807471762,525.6128182133494,43.92249334144057,0.109375,0.06666666666666667,1.0,87,0.7550292651876904
0.6621924891280758,539.9756444659903,32.44309188143484,0.1076923076923077,0.0,1.0,90,0.8292047609194584
0.057399125820559616,500.2870333393186,41.31747563978191,0.1,0.0,1.0,91,0.21951777597349553
0.9854941257755847,556.3506542162037,44.22465212838661,0.14102564102564102,0.0,0.5,88,1.0
0.0039434908856111894,482.2199972736653,45.20957753264863,0.1,0.0,0.5,91,0.16045386694239655
0.7244737902030393,537.4282256194714,41.061406411651845,0.1044776119402985,0.03125,0.5,89,0.8542422456118354
0.5959617908338206,516.4012292521433,44.32746049006704,0.1111111111111111,0.0,0.0,90,0.7269579908963004
0.8634337560558708,538.202537082191,48.45715527760869,0.09722222222222222,0.058823529411764705,1.0,88,1.0
0.38742152969135946,440.10142472930386,55.955934455938184,0.29310344827586204,0.4074074074074074,0.0,71,0.2734085654833049
0.04777955047492133,428.3410012929134,54.127615930093384,0.24,0.4583333333333333,0.0,71,0.07343240601353557
0.2389227127923239,413.2489649715499,50.31735182296609,0.2222222222222222,0.5384615384615384,0.5,69,0.24255975313146297
0.34448922264239656,461.9507627669595,61.771141906157595,0.10714285714285714,0.5555555555555556,0.5,71,0.34357140785730905
0.06895278424584206,410.16137872996677,61.84599487828479,0.0392156862745098,0.4166666666666667,0.0,80,0.2189059564821029
0.7063488907348443,474.7334503966882,42.83844086114369,0.2835820895522388,0.5483870967741935,0.0,65,0.7447307332406358
0.6386903813864535,436.49183798942653,69.17151344487094,0.3076923076923077,0.4666666666666667,0.0,68,0.6527138968609805
0.008880193266448844,454.15763808504164,40.08695539663571,0.18,0.5652173913043478,0.5,69,0.02834415317639327
0.8269822038779814,616.5602155682504,77.05701257134719,0.323943661971831,0.8181818181818182,0.0,51,0.7556912407816917
0.0444070036278168,517.1709875710966,95.12914552849753,0.38,0.7083333333333334,0.0,55,0.002957364724491797
0.9196400726262897,636.2171422202085,125.02452381384765,0.4,0.6,0.0,55,0.9380823117520952
0.6639572451074426,634.3599096690481,112.66427341147431,0.2923076923076923,0.6129032258064516,0.0,58,0.6320182957966439
0.662162943958549,640.0042763238814,93.76523389230621,0.36923076923076925,0.6451612903225806,0.0,55,0.7129359566800624
0.44909313636118775,572.6697157882929,127.9193003749413,0.3559322033898305,0.5357142857142857,0.0,60,0.4915661104418969
0.2571971809245863,580.0871372932443,67.9740274678514,0.2037037037037037,0.5769230769230769,0.5,65,0.2004725915813855
0.6758390120352517,605.0276213152741,158.18623546579633,0.3333333333333333,0.7741935483870968,0.0,51,0.6410059214608016
0.5783084519186734,516.4363831256413,100.3339861237776,0.15873015873015872,0.10344827586206896,0.5,84,0.732451210251815
0.5653950989700408,511.47637723783527,128.14138451987304,0.19047619047619047,0.06896551724137931,0.5,83,0.7073017615767201
0.390313670566551,568.6949798025867,98.35356369755901,0.13793103448275862,0.037037037037037035,0.0,86,0.5487000847370685
0.705601989461636,566.5837651506173,100.77517895725953,0.1044776119402985,0.1935483870967742,0.0,81,0.8419451639723255
0.08245551751096658,488.13632511184227,93.20686083619447,0.1568627450980392,0.041666666666666664,0.5,86,0.23595850585868205
0.1356417686758623,486.0267761336926,97.31469352590466,0.11538461538461539,0.125,0.5,85,0.2820804367430582
0.7766940733566847,567.3710713728116,89.4839437889379,0.15942028985507245,0.12121212121212122,0.0,82,0.905533265329099
0.5146263262136441,524.2805204595505,105.10847191980682,0.13114754098360656,0.1724137931034483,0.0,82,0.6430257183969523
0.5686110179733733,583.0329881335775,100.83867330624608,0.3333333333333333,0.41379310344827586,0.0,65,0.5226120326655558
0.2826063110021789,584.1336334754203,91.66335187009994,0.2727272727272727,0.5,0.0,64,0.2762384616186437
0.9756778418979017,636.8502845396786,94.25852498394349,0.2857142857142857,0.5833333333333334,0.0,60,0.9302994847680613
0.25216723884814995,534.0453755260842,72.3434163471459,0.24074074074074073,0.5,0.5,67,0.21077660122612651
0.5793465943846096,573.584379708311,68.55259167228793,0.31746031746031744,0.5172413793103449,0.0,63,0.5731990716439095
0.0857989478293869,523.6578082629121,81.40677017540878,0.11764705882352941,0.4583333333333333,1.0,73,0.11405845806127234
0.5239352179902536,569.2147513344703,57.808271411715054,0.26229508196721313,0.5172413793103449,0.0,65,0.49322175748772507
0.6253581404346699,605.0511037480703,89.67906998458227,0.171875,0.5333333333333333,0.0,66,0.6557302453424873
0.7243908792157182,471.5371102530308,91.44019052624489,0.1791044776119403,0.34375,0.0,76,0.9068491229775272
0.595326755694373,389.97539774160566,99.93467464104639,0.14285714285714285,0.5,0.0,73,0.5622547141851327
0.14603162467994557,367.0663157916699,85.88294729922951,0.19230769230769232,0.56,1.0,70,0.13031287011525483
0.36097663725634377,397.0326471191856,90.33037629582218,0.22807017543859648,0.5185185185185185,0.5,69,0.3440702744360562
0.5733113907143038,437.91740915720413,104.10099003507496,0.2222222222222222,0.27586206896551724,0.0,77,0.7259124057581766
0.924142810187282,414.2430914655885,96.24617146692985,0.3333333333333333,0.5428571428571428,0.0,64,0.9614795623546086
0.9398798208543053,443.6238892293557,79.96839352224406,0.36,0.4444444444444444,0.0,66,0.8781925366332505
0.43841757686638805,446.4474146112033,80.1581085780612,0.2711864406779661,0.5,0.0,68,0.46238113471299813
0.6608312971355824,498.5597631230313,53.01644242881039,0.12307692307692308,0.12903225806451613,1.0,85,0.7975783061343868
0.17448101060972787,495.4963785748849,47.77646962455753,0.1320754716981132,0.04,0.5,88,0.31343094347230155
0.38981964846209005,490.17132801902045,51.58746019946811,0.10344827586206896,0.14814814814814814,0.0,85,0.5507693851385398
0.3534480396843307,492.2890926649971,60.72224601038563,0.15789473684210525,0.1111111111111111,0.0,84,0.5308405570650229
0.6340039769611868,513.8112316625701,54.904992751603416,0.12307692307692308,0.26666666666666666,1.0,80,0.7798665554992991
0.7061186703805321,492.3941647271574,60.35873501086974,0.05970149253731343,0.25806451612903225,0.5,83,0.9126352097595504
0.17965322681492824,488.57046595859487,61.61013796267411,0.09433962264150944,0.16,0.0,85,0.35169653961331904
0.4467470352447276,482.6165770643485,55.56359195874984,0.1016949152542373,0.14285714285714285,0.0,86,0.5610100822330121
0.7259989571480501,456.8879007559878,58.23404538006031,0.3283582089552239,0.6875,0.5,59,0.7501040297432401
0.001273746250890495,423.0796392632765,30.962923856332758,0.24,0.7391304347826086,0.5,62,0.0
0.8128172831963666,495.8991716570966,38.35131414171677,0.38028169014084506,0.7272727272727273,0.0,55,0.8344066638866207
0.17501697539437222,463.39029695960573,46.038294031279015,0.16981132075471697,0.48,0.5,72,0.17826024277083516
0.036204813456075624,450.9822884404815,75.7275389174729,0.08,0.3333333333333333,0.5,80,0.19567161127273605
0.4504457901439035,497.87944866205174,52.63904101614182,0.2033898305084746,0.6071428571428571,0.5,66,0.460455749170262
0.21034359542276004,452.6071632690837,49.348188182026995,0.3148148148148148,0.48,0.0,67,0.2857239832633579
0.3401272259863417,495.56080129587116,42.93596222792904,0.19642857142857142,0.5555555555555556,0.0,68,0.33217152451093906
0.8730377863606604,410.3432933010173,156.4834628027722,0.4383561643835616,0.6176470588235294,0.0,57,0.8695460205654806
0.8090638551047372,348.53883877503176,106.38506155910537,0.38571428571428573,0.6060606060606061,0.0,61,0.8090771201149913
0.05944197328430956,373.23388943016107,111.62338015616905,0.26,0.5416666666666666,0.0,67,0.066493054713437
0.24933685145399498,353.7629196578973,126.3049963516025,0.2962962962962963,0.5,0.5,68,0.2855004098497438
0.6915834123305803,338.86583814140147,96.05532002124333,0.3333333333333333,0.6774193548387096,0.0,61,0.7750919737823865
0.696517313299113,361.8734938188134,150.25002834593607,0.40298507462686567,0.5483870967741935,0.0,62,0.6960852177217796
0.3052164582032719,280.12999383992803,92.49688399522877,0.26785714285714285,0.5384615384615384,0.5,70,0.310665230171506
0.026569893364223662,353.3582322103294,160.59577941916902,0.22,0.6086956521739131,0.0,66,0.08178212247345587
0.5556130201315813,423.2884693546817,101.41608689768154,0.11290322580645161,0.10344827586206896,0.0,87,0.6787939925228651
0.7921575286647992,462.77806794860516,77.79538712827394,0.18571428571428572,0.2727272727272727,0.5,78,0.9628413305801345
0.05417204350134375,377.91824921410876,66.11307640475161,0.14,0.20833333333333334,1.0,84,0.19417633667647166
0.26406058915346464,415.4667435403198,80.14721804305961,0.05555555555555555,0.2692307692307692,0.0,84,0.3980186826922125
0.274858086117992,398.82754939129256,71.03904095109128,0.14545454545454545,0.23076923076923078,0.0,83,0.4264450437990264
0.06680376359693929,398.8338336916543,72.29980823705304,0.17647058823529413,0.25,0.5,81,0.22441930228982737
0.7712118706198419,435.51922955889404,86.63641410491682,0.2608695652173913,0.25,0.0,77,0.9244100954061922
0.6956171356451476,434.0538893353519,62.64953426449566,0.208955223880597,0.16129032258064516,0.0,82,0.8471326322055248
0.9344261156550162,532.2162966085251,100.11605511486138,0.30666666666666664,0.3611111111111111,0.0,69,0.9129675898902668
0.07083179663733918,475.3364092862507,147.40189650855902,0.1568627450980392,0.4166666666666667,1.0,73,0.046417331377169954
0.48616259310155396,511.10359719433444,124.15824909966385,0.2786885245901639,0.32142857142857145,1.0,71,0.48891473812935654
0.3212254315588653,464.53567766132903,122.6936584494654,0.21428571428571427,0.3076923076923077,0.0,75,0.27683952779851345
0.10259357226384136,458.67427491320825,121.06560174657174,0.25,0.20833333333333334,0.0,78,0.26790840981257324
0.7763985793762849,581.3410315805035,86.80495209366329,0.21739130434782608,0.24242424242424243,0.0,75,0.7234811016601577
0.9985227611993119,560.7540401275836,112.72429241897247,0.21794871794871795,0.40540540540540543,0.0,70,1.0
0.17887335004084526,502.19624519707895,121.22848351118014,0.16981132075471697,0.36,0.5,74,0.15696840660536504
0.25936451218961754,390.4505357352771,151.26961662097568,0.14814814814814814,0.6153846153846154,0.0,68,0.28857479065429154
0.9401350189632256,392.7607772957423,146.53183747065924,0.28,0.5277777777777778,0.0,66,0.9824122902131773
0.4300383649732332,418.31464813135096,132.4988816438645,0.15517241379310345,0.6428571428571429,0.5,66,0.3963199703393976
0.7246313642116545,423.3296157786323,139.93697719964223,0.2835820895522388,0.53125,0.0,65,0.7805691102270007
0.3910225482037011,409.51190992493963,167.88571080431723,0.22413793103448276,0.5185185185185185,0.0,68,0.4296684694436483
0.7794719846269478,490.4922494277931,240.25618866619607,0.2753623188405797,0.696969696969697,0.5,57,0.7455391690450314
0.7611995575273958,388.3273953702246,175.2707080317856,0.17391304347826086,0.75,0.5,62,0.7825790757204991
0.5959605172748319,378.0952836456436,172.20477235576902,0.3333333333333333,0.5333333333333333,0.0,64,0.5999918609472342
0.6596727064118622,639.3325235951095,86.08173739998075,0.24615384615384617,0.5161290322580645,1.0,64,0.7048474113369962
0.1875302616847626,599.9413911432606,49.42639709651951,0.1509433962264151,0.52,0.0,68,0.20417454761611112
0.578240134964662,579.0515307621424,109.67297421468349,0.14285714285714285,0.3448275862068966,1.0,74,0.5244602539943747
0.11991353084706802,571.1400619763258,85.04789023488327,0.2692307692307692,0.4166666666666667,0.5,68,0.1567130846691266
0.7159796808039663,635.2277477842862,98.52066687403983,0.29850746268656714,0.21875,0.0,72,0.6746032086563112
0.21558447162593875,576.4584471583256,85.9449959541309,0.12962962962962962,0.28,0.0,77,0.3653751757397295
0.6573056183279544,601.2757310305741,83.01713558795655,0.16923076923076924,0.41935483870967744,0.5,71,0.5980240391505071
0.17273487132406673,608.5828071349687,83.2415637354568,0.20754716981132076,0.44,0.0,68,0.20155263050778505
0.9748852802988801,361.11453217341716,125.70727957207326,0.5584415584415584,0.75,0.0,50,1.0
0.6906741530430963,449.309158124301,115.95541164966318,0.3484848484848485,0.8709677419354839,0.0,51,0.659708835369121
0.26534258977345493,289.0070204360907,83.08843586475214,0.36363636363636365,0.8461538461538461,0.0,55,0.18501667754144635
0.7879073965410064,412.9456895007794,144.16336822619513,0.43478260869565216,0.8787878787878788,0.5,48,0.8172401111250197
0.2272836415083398,369.06692766395486,180.68175019099002,0.25925925925925924,0.92,0.5,53,0.2287985066919389
0.22065822978859306,295.1506493538583,98.0788074700358,0.37037037037037035,0.8,0.0,56,0.24032815747665984
0.09795148629798944,351.979303650574,133.0570038799906,0.37254901960784315,0.7083333333333334,0.0,58,0.08850034087866189
0.3124051715078844,364.45086728604457,122.38833797814462,0.3392857142857143,0.8846153846153846,0.0,53,0.20719983724154406
0.6741041862892538,546.4394847615525,154.05672675607835,0.25757575757575757,0.6451612903225806,0.0,60,0.635539464728521
0.46311021809305375,546.0277843955025,138.91257632786056,0.3,0.75,0.0,55,0.5288229248069926
0.48762971256091026,520.0383982569457,65.56745003291918,0.32786885245901637,0.75,0.0,55,0.500171295825137
0.31977310888050237,544.8407517845908,109.07301497201166,0.23214285714285715,0.5384615384615384,0.5,65,0.2983487522701386
0.22856694043833492,525.209460891452,129.73517821888873,0.3888888888888889,0.6,0.0,57,0.23809496660081542
0.5775595501185121,515.5075885068628,84.85218198358845,0.25396825396825395,0.7586206896551724,0.0,58,0.5827841260216843
0.6924558205498558,562.5447154830337,146.17766525267984,0.24242424242424243,0.7741935483870968,0.5,55,0.7351283016005259
0.9565083710307213,581.3258562740664,168.34223542573952,0.4473684210526316,0.75,0.0,48,1.0
0.4625264515730515,516.9595133419888,75.31234615456776,0.3333333333333333,0.8214285714285714,0.0,53,0.46324158887338757
0.9233135543016643,468.5325008104331,76.30319438870318,0.44,0.8,0.0,51,0.866732261583903
0.28747552890730677,364.74465672997985,56.607581804041644,0.2727272727272727,0.6923076923076923,0.0,63,0.2260125750797166
0.42794513465370543,436.02117441150443,119.50731733243856,0.3620689655172414,0.6071428571428571,0.0,60,0.37171763986098894
0.1552011442938266,370.40349337755447,114.42686806436254,0.2692307692307692,0.84,0.5,57,0.24364924726407555
0.10558894088700133,395.2745506008167,164.367796543163,0.15384615384615385,0.6666666666666666,0.5,65,0.11866301079929428
0.5399252440937878,406.9958176858953,84.85439885764049,0.3225806451612903,0.7586206896551724,0.0,57,0.5361697038582475
0.6901551893513637,361.1979741956486,106.205334098632,0.3787878787878788,0.7096774193548387,0.0,58,0.6732735719711129
0.08170724544014563,444.4984058696563,49.20343076034129,0.058823529411764705,0.125,0.5,89,0.22442395803345747
0.5188498950488314,454.19602800855364,36.88307678321581,0.26229508196721313,0.27586206896551724,1.0,76,0.6741470852299538
0.7709416821393189,480.31615539851225,41.74315939296108,0.2463768115942029,0.3125,0.0,75,0.7057703700227513
0.7196477850144256,474.3615726961076,39.869461989311404,0.19402985074626866,0.3125,1.0,77,0.8382854622317345
0.7763573407678322,475.2478036405427,36.05993595696425,0.2608695652173913,0.24242424242424243,0.0,77,0.9371012236874648
0.14657412546819748,431.44348829878675,37.96473847132528,0.2692307692307692,0.2,0.0,79,0.289370628179179
0.6088023698406829,471.49991354954,34.246755726974676,0.234375,0.3,0.5,76,0.7803708203691347
0.4415079549598683,455.3566717483769,41.16023419547342,0.15254237288135594,0.2857142857142857,0.5,80,0.5738856432958594
0.5032288499555093,455.93067855939563,96.65878021417872,0.2459016393442623,0.35714285714285715,0.0,73,0.5597678106433234
0.6924737894439191,433.14589570730334,87.06565491063878,0.25757575757575757,0.5161290322580645,0.0,68,0.6973773320678889
0.859854009702266,502.3989969445991,63.18705201716525,0.3333333333333333,0.38235294117647056,0.0,69,0.8583038093013732
0.3455120119496342,473.1504113232743,55.81079250119126,0.2857142857142857,0.4074074074074074,0.0,70,0.36057693133681396
0.28996052511074055,499.95489960208346,86.75259595074027,0.23636363636363636,0.5,0.5,68,0.31155505288980484
0.04708944375431878,456.74554238042725,68.0422108585389,0.28,0.4166666666666667,1.0,70,0.05463487191750939
0.01578759652871664,465.57305389509247,75.68726755362324,0.18,0.5652173913043478,0.5,68,0.0
0.3195985580025348,480.3200687301427,118.92374620179642,0.23214285714285715,0.38461538461538464,0.0,72,0.2947815097523967
0.9776746665029166,540.1039748363802,40.908594019498786,0.3246753246753247,0.6944444444444444,0.0,58,0.9314139144829333
0.6178438426509827,495.47283293515,67.77496471306208,0.234375,0.4666666666666667,0.0,69,0.5680000558557105
0.7162479757193043,503.8230493890495,44.80992105245617,0.2835820895522388,0.46875,0.0,68,0.7725479106772375
0.9921995411726473,530.3815096755683,50.868314941313514,0.3076923076923077,0.5,0.0,65,0.9603153638073871
0.4687387309924248,488.41725311945606,51.69346968939071,0.3333333333333333,0.6071428571428571,0.5,61,0.5617751996610374
0.14419498112248563,441.1062735882138,58.945927869382146,0.3076923076923077,0.44,0.5,69,0.12050621456589752
0.39113069593456373,554.4225499259495,42.56539233587944,0.27586206896551724,0.7037037037037037,0.5,59,0.32938079511671187
0.34470896179838784,485.7361356270642,43.40483667303897,0.14285714285714285,0.5185185185185185,0.0,71,0.28874626017012667
0.9228847578488337,433.9422384046546,113.35490610274753,0.18666666666666668,0.34285714285714286,1.0,76,1.0
0.6786105837683316,458.3691540407192,127.5038221621571,0.19696969696969696,0.41935483870967744,0.5,72,0.6300069974126102
0.10335404612901644,394.8116293976426,108.95773618159136,0.07692307692307693,0.25,0.5,84,0.2386083631382002
0.32741655956170257,421.5344240083077,78.23591985593148,0.21428571428571427,0.37037037037037035,0.5,75,0.3933186239193653
0.1039161648688589,430.1457940802151,142.45475833686032,0.09615384615384616,0.375,1.0,77,0.27738988588377084
0.43940558131018104,418.1422481369045,112.80524554748504,0.13559322033898305,0.42857142857142855,0.0,75,0.44328542839571033
0.5368497633760414,395.11801439284704,99.00724419901987,0.1935483870967742,0.3793103448275862,0.5,75,0.5992727741835664
0.7225709767221682,453.2248240817979,112.03125964411204,0.11940298507462686,0.21875,0.5,82,0.8772117182357823
0.46879782285811167,342.44138760524555,90.07577739981366,0.3,0.5714285714285714,0.0,66,0.4801041744673077
0.6566309316281679,301.0769054008113,63.157855834359154,0.3076923076923077,0.7419354838709677,0.5,61,0.7026233957827822
0.6290321314933922,346.34573416735526,99.6352906651043,0.3076923076923077,0.5666666666666667,0.0,66,0.6506153740628593
0.4832218624676812,385.998862135035,114.87642245357712,0.25,0.5357142857142857,0.0,68,0.4760151805505075
0.6905131329207045,390.9284521769194,132.00972398716266,0.42424242424242425,0.6451612903225806,0.5,57,0.6882734132527817
0.4617346367273666,372.21958646843655,136.84797991271586,0.25,0.5357142857142857,0.0,68,0.4450516846412038
0.19115399307424652,315.5015494847167,72.13916652022077,0.3018867924528302,0.64,0.5,64,0.19471010652286383
0.18767581702346914,372.52903440395113,108.48652438254128,0.3018867924528302,0.52,0.0,67,0.1567871487923922
0.915049618978224,502.92353436625433,96.39002918065837,0.44594594594594594,0.6857142857142857,1.0,53,0.9386644807404428
0.26014111029415277,414.466541308254,149.6394716970261,0.4074074074074074,0.6923076923076923,0.0,56,0.18587350056661733
0.48042220881200615,381.89867793063456,126.44573181462033,0.36666666666666664,0.8571428571428571,0.0,52,0.4362798275729701
0.5280845714063456,410.842996311914,119.7847932838535,0.45901639344262296,0.7241379310344828,0.0,53,0.5810558990891451
0.21298763569367574,463.90189068772827,147.76884682983027,0.46296296296296297,0.72,0.0,52,0.22987317925440542
0.084161940687836,467.27875890251113,163.22165381804214,0.27450980392156865,0.7083333333333334,0.0,58,0.07292660232352483
0.9190634689571758,360.9646618494105,76.8300549028534,0.44,0.8285714285714286,0.0,52,0.8765920253596906
0.00444658797778863,415.47152967693256,47.48849280429194,0.34,0.8695652173913043,0.0,53,0.0
0.7137531219223341,372.029854908038,49.55997765912918,0.3880597014925373,0.90625,0.0,51,0.7045675121704205
0.9534670495283252,376.7588267376768,80.86361364044699,0.4605263157894737,0.7777777777777778,0.0,53,0.9544446751950258
0.6285611709980801,373.8732289866226,80.66901680687045,0.4,0.7333333333333333,0.0,56,0.6370224725747009
0.42063695216710306,405.25384633510174,131.88112465955123,0.29310344827586204,0.75,0.5,58,0.4062157482699334
0.4689351464783108,354.0961550121967,101.97226695288408,0.31666666666666665,0.7857142857142857,0.0,58,0.47426144966563283
0.8712586276009868,419.3173199724995,96.60823609790961,0.3561643835616438,0.6764705882352942,0.0,59,0.8638242528480191
0.3138005594155354,405.34926760234475,81.67339610985432,0.32142857142857145,0.6153846153846154,0.0,63,0.33569318178038743
0.9396988419588779,351.04617093854586,110.60361831501463,0.3466666666666667,0.7222222222222222,0.0,59,0.8922673534141712
0.19230042794940438,396.9394997905523,116.12231437572538,0.20754716981132076,0.56,0.5,68,0.15516480167784202
0.44476393743262765,449.276868743332,62.105064385712716,0.22033898305084745,0.7142857142857143,0.5,62,0.5165365720423304
0.5728144120710477,429.4148140178388,95.72268651120876,0.30158730158730157,0.3793103448275862,0.5,71,0.5316188930240439
0.3821346921426636,434.1548263228656,112.50142128981702,0.2413793103448276,0.48148148148148145,0.0,69,0.41631921994524074
0.09640993436591538,448.00624575722406,124.24419177265843,0.27450980392156865,0.6666666666666666,0.0,61,0.0431660536043481
0.34368883129500416,410.9832831659899,103.46492786183194,0.19642857142857142,0.5185185185185185,0.5,70,0.4510638955668576
0.29777826808815355,446.74846515856075,90.68675048943237,0.21428571428571427,0.5769230769230769,0.0,67,0.3153679239122807
0.0522641490142326,424.4810897705412,119.73989281930169,0.26,0.5833333333333334,0.0,65,0.03435076253043439
0.6367750201050305,445.23666907663943,144.70927104336442,0.3076923076923077,0.4,0.0,69,0.6469992035070903
0.6569207744963289,497.5020327261012,136.06873939520847,0.26153846153846155,0.45161290322580644,0.0,68,0.6274403959409413
0.796986077315465,536.2615963559444,119.27450765212853,0.38571428571428573,0.696969696969697,0.0,54,0.7393328319352301
0.8824230976538834,514.4697789529671,105.48305745730286,0.3561643835616438,0.6,0.5,59,0.8578117731433097
0.8490517619209528,491.1807006188487,196.7763529311704,0.4305555555555556,0.5882352941176471,0.5,56,0.8600910502175527
0.7018999079308879,457.643103056025,102.71503620276009,0.26865671641791045,0.5806451612903226,0.0,64,0.7054994466952411
0.060564113215253124,418.29934127059096,152.82939725574838,0.22,0.3333333333333333,0.0,75,0.06349296163393289
0.8435702057179587,473.91045108642766,120.21142240622157,0.36619718309859156,0.5882352941176471,0.0,60,0.8231188807731289
0.6698670875912447,676.7379123943355,121.55391225784447,0.3384615384615385,0.6451612903225806,0.0,55,0.7068624553480211
0.8026499364449822,635.5855971627741,105.74277871714749,0.35714285714285715,0.6666666666666666,0.0,54,0.7695195206212159
0.6053182242795124,682.1526271407976,165.41997911234554,0.19047619047619047,0.43333333333333335,0.0,66,0.6038806402010605
0.004506097560003308,570.8609436581255,173.74366575099432,0.24,0.5217391304347826,0.0,64,0.0
0.8308114447396812,632.3929991240392,86.16124617913498,0.38028169014084506,0.7352941176470589,0.0,51,0.8326936535758221
0.7812655649624406,726.5216882111256,137.95535871879432,0.37681159420289856,0.5454545454545454,0.0,55,0.8170737981178902
0.1308447416093259,603.4052329755486,105.9421099585627,0.19230769230769232,0.5,0.0,67,0.0690127577693516
0.745185754378869,683.1073774495088,105.61464183726375,0.3382352941176471,0.53125,0.5,59,0.699839760318044
0.5145517019441572,407.5660237944855,179.87658738131105,0.39344262295081966,0.8620689655172413,0.0,50,0.4930499912016392
0.7501511791919018,437.2919573438362,166.8137481759071,0.4411764705882353,0.8125,0.0,49,0.7632808688863011
0.8148091184926063,605.1223251130392,69.12242496383665,0.352112676056338,0.8181818181818182,0.0,50,0.7844050608494364
0.30311634124357345,529.4906585627111,254.4754134317746,0.21428571428571427,0.8076923076923077,0.0,54,0.3788036919223026
0.23460229911299368,457.83846815229526,189.33336497176404,0.24074074074074073,0.6153846153846154,0.0,63,0.20605279594548956
0.37490861948233345,535.890783581436,167.01549177881435,0.3157894736842105,0.7777777777777778,0.0,53,0.3586961017707187
0.3917544407175144,471.533858742133,167.64231635760123,0.3275862068965517,0.6666666666666666,0.0,58,0.4197226283795556
0.6676754164228271,358.5256968229909,171.33796384385093,0.36923076923076925,0.7741935483870968,0.0,55,0.6490936419427781
0.31280012389951406,320.779385690292,75.4688556326491,0.35714285714285715,0.6538461538461539,0.0,62,0.3259997305185176
0.464901706051533,270.2544550451433,60.14024356255234,0.35,0.7857142857142857,0.0,59,0.4926002708625996
0.4270321498951223,320.08547583885814,95.3965917901509,0.39655172413793105,0.7857142857142857,0.0,56,0.4655071155480246
0.31103575120095284,700.0,150.0,0.32142857142857145,1.0,0.0,42,0.1539594342513595
0.967202747053633,346.4487987731167,100.92636086151353,0.5324675324675324,0.8333333333333334,0.0,48,0.9802791320782459
0.9663190964832098,391.1678088442215,67.8847145872743,0.4675324675324675,0.75,0.0,53,0.9934189503201963
0.7603676022094713,299.7841289485668,63.55522313174873,0.4492753623188406,0.9375,0.0,49,0.7830865805624445
0.3188318240680694,289.9198449163852,106.60926923311979,0.2857142857142857,0.8461538461538461,0.0,58,0.3022088685569461
0.7323430296357656,287.541566398804,52.064708512693564,0.22388059701492538,0.46875,0.5,74,0.7596064643973427
0.907487878727419,314.13185415542523,71.74441180325192,0.17567567567567569,0.34285714285714286,0.0,79,1.0
0.11621329176034312,273.0550047859223,61.88176936981602,0.15384615384615385,0.2916666666666667,1.0,83,0.23533179644075966
0.4357250523350765,277.7002934277353,59.22715349803568,0.1864406779661017,0.35714285714285715,0.0,79,0.5952661257234406
0.13455871689923815,299.93182901490405,77.83666765477992,0.11538461538461539,0.4583333333333333,0.5,78,0.30657395357239586
0.6470699928117579,312.25030733040086,53.97140191746432,0.2153846153846154,0.4666666666666667,0.0,74,0.6346170467524257
0.7069561136608927,288.9454851335652,54.62163270234683,0.16417910447761194,0.4838709677419355,0.5,76,0.8259871499464065
0.8356078453038202,323.75144934351067,65.30576562652095,0.19718309859154928,0.4411764705882353,0.0,75,0.8103931394339339
0.9677741304742827,461.25308550774383,125.4751804024701,0.4675324675324675,0.5277777777777778,0.0,59,0.9596150545537832
0.965840374572831,510.24291641429255,155.39376049168033,0.37662337662337664,0.6666666666666666,0.0,55,0.9836162890720079
0.011409995285753705,422.65446913119774,151.50473872367243,0.4,0.391304347826087,0.0,66,0.04134469062925239
0.30593930617301857,433.30403221833626,111.35856310129984,0.2857142857142857,0.5,0.0,67,0.31474404002011325
0.6232687900580196,435.4186911620825,172.7409905065795,0.359375,0.5666666666666667,0.0,61,0.6146048927809213
0.304180978462122,360.57739784423325,137.4878982492455,0.30357142857142855,0.5769230769230769,0.0,65,0.3116092999640275
0.027915545071051873,413.60481673678134,149.91203770988798,0.22,0.5217391304347826,0.0,68,0.0
0.06121511317241102,461.5433784779382,164.27969787016875,0.24,0.5,0.0,67,0.04783913701852082
0.459354779653232,268.02592152575664,42.091971375630784,0.06779661016949153,0.0,1.0,97,0.6175185890416355
0.456166445424136,286.8950470474763,34.83066830145776,0.01694915254237288,0.0,1.0,98,0.6026528874377087
0.24884303665901764,260.8901659524961,31.386988307963346,0.0,0.0,1.0,99,0.39188975243589746
0.34214623298668656,261.4550733859687,44.9691790543407,0.05357142857142857,0.0,1.0,97,0.5446740346935341
0.4524990469454725,271.07839676373936,36.5675135230684,0.05084745762711865,0.03571428571428571,1.0,96,0.6085287655521533
0.7544032149689216,273.72142700030673,40.48323611434044,0.028985507246376812,0.0,1.0,98,0.9025656295150657
0.41499217609851824,262.2819558422527,38.566285639713186,0.05172413793103448,0.03571428571428571,1.0,96,0.5859613072098063
0.22671760340935176,256.0004154494912,36.24405987622105,0.0,0.04,1.0,98,0.33822207633073387
0.8723128429645932,385.52731514897044,85.72653976265033,0.2876712328767123,0.6176470588235294,0.0,64,0.8543719872503047
0.37036927276934617,353.05941515502866,122.99603323100503,0.3333333333333333,0.4074074074074074,0.0,70,0.44752997106467785
0.9369984322070727,385.1461008698799,99.86027065780287,0.37333333333333335,0.4444444444444444,0.5,67,1.0
0.5668470801399786,404.566925540773,94.36256063366277,0.3492063492063492,0.41379310344827586,1.0,68,0.5561286078297789
0.0924476918222058,400.97493969378655,109.20432822170568,0.27450980392156865,0.3333333333333333,0.5,74,0.08021661267940265
0.4000706680269044,386.89708055504974,151.65694619198482,0.3275862068965517,0.4444444444444444,0.0,68,0.3892609850109694
0.7924269065350766,383.4958210191852,109.31987774603338,0.2571428571428571,0.45454545454545453,0.5,70,0.7896874051500048
0.5435675688185733,365.66706782306164,136.1125159849302,0.3709677419354839,0.5172413793103449,0.0,64,0.5722230984525754
0.3138715066560507,473.28936431279413,109.36814569276991,0.23214285714285715,0.5769230769230769,0.0,65,0.33435974722116396
0.8776727494688318,566.6956522282806,115.50552396568062,0.5068493150684932,0.7058823529411765,0.0,49,0.8656238617197792
0.20170225240252437,418.8803379961296,109.33562516282153,0.2037037037037037,0.76,0.0,61,0.230648820992201
0.6099527786289806,569.1248126875768,128.83719759264474,0.375,0.7,0.0,54,0.6724591100860727
0.20250600308642241,535.4587750560828,126.17503975339316,0.3148148148148148,0.84,0.5,51,0.17754154971145966
0.8824249949675781,537.8951227266525,119.14542531634574,0.4383561643835616,0.5142857142857142,0.0,59,0.8545597741129287
0.6569518353212652,521.7971206234005,103.2763274713818,0.4461538461538462,0.7096774193548387,0.5,52,0.6289582888107881
0.6159434423984318,472.2530940885962,147.2045485848198,0.5,0.6666666666666666,0.0,52,0.7106486095657867
0.4275314146474197,446.37372431520396,85.1674700089102,0.3275862068965517,0.5,1.0,65,0.4282910053812352
0.4546798785092835,441.38312734776883,58.72911875609466,0.3728813559322034,0.6071428571428571,0.0,61,0.4095804623824831
0.2836649422131816,310.3645821559499,97.24996891585053,0.2545454545454545,0.46153846153846156,0.5,72,0.20408740522422447
0.6571664965217826,434.81945970938904,86.920758953494,0.35384615384615387,0.6451612903225806,0.0,60,0.7047548966277668
0.7710123262227739,329.61997275803793,152.79287964614758,0.2608695652173913,0.65625,0.0,64,0.7924080106948891
0.8051904692523926,389.6503107028132,148.394170723227,0.2571428571428571,0.45454545454545453,0.0,70,0.8621656757812456
0.26362114297694594,410.9125803523671,88.73097847092689,0.35185185185185186,0.5769230769230769,0.0,63,0.25548880183665307
0.032171823650812836,375.94977701787235,90.05292752885056,0.2,0.4583333333333333,0.5,73,0.0
0.9101663646405085,303.70989727889054,35.0899373690156,0.25675675675675674,0.34285714285714286,0.5,77,1.0
0.15352590117687137,282.1785343424403,29.332454980461748,0.09615384615384616,0.32,0.0,84,0.28997170602995015
0.42315968476080157,265.5141341650971,29.76734485426908,0.15517241379310345,0.5,1.0,76,0.5906913164154566
0.24104857257155932,273.4012538477734,40.39865600456911,0.2777777777777778,0.34615384615384615,1.0,77,0.3875460698101849
0.6544639575479145,293.4264577322354,42.90311914061705,0.24615384615384617,0.3548387096774194,0.0,77,0.8256972210095364
0.5226102363936188,285.31100305064734,57.0350736096986,0.14754098360655737,0.6206896551724138,0.5,71,0.5150795413549806
0.3172289030961053,275.9851984071145,39.346559921555695,0.16071428571428573,0.5384615384615384,0.0,74,0.2778679509879526
0.9934812551072089,312.6944670883752,40.43997112605675,0.2692307692307692,0.4166666666666667,0.5,74,0.9906643123286852
0.7260591694541951,562.5629949018711,67.52047372791172,0.1791044776119403,0.15625,0.5,81,0.8825623845150251
0.7417075139818313,525.249435429142,98.34852757239547,0.19117647058823528,0.25,0.0,77,0.8674351866330465
0.8023402408025992,558.5586123889201,71.33249356179152,0.21428571428571427,0.18181818181818182,0.5,78,0.9513204972170474
0.843857399183043,546.9298068763004,83.43692732519958,0.2112676056338028,0.20588235294117646,0.5,78,0.9972871826516336
0.8482105282148957,578.0441330092895,88.65183186010479,0.18055555555555555,0.14705882352941177,0.5,80,0.9654526588796735
0.6880777364853765,551.7846397944099,63.409559105133255,0.25757575757575757,0.1935483870967742,0.0,77,0.8624245621135204
0.17150776662079825,543.8892363113534,75.02362035862916,0.1509433962264151,0.28,1.0,77,0.315353991312019
0.24850407875003067,527.8229602532807,76.26997520755212,0.2222222222222222,0.2692307692307692,0.5,76,0.4185828108694581
0.42995763083361305,429.1383223066,113.26815506991288,0.25862068965517243,0.32142857142857145,0.5,74,0.41239188705194113
0.08883737512334966,389.10877805626956,146.85329045659785,0.1568627450980392,0.3333333333333333,0.5,77,0.21951928529084755
0.303748229967166,431.63893240677834,118.00077159149443,0.2857142857142857,0.34615384615384615,0.5,72,0.35955189145999744
0.9013095614743282,429.6648786093547,130.12358059336242,0.33783783783783783,0.37142857142857144,0.0,69,0.8930763872950971
0.9799300818600778,469.01812977595233,126.3873242696115,0.2948717948717949,0.3888888888888889,0.5,69,0.9099327759719398
0.7155886773666076,501.71575867090945,142.47599878023885,0.23880597014925373,0.3125,0.0,73,0.672254519042502
0.6517019018329192,435.15704552097856,143.6929137038625,0.23076923076923078,0.2903225806451613,0.0,75,0.6711798122527916
0.5007565935918098,445.19103809035397,137.77791780343304,0.21311475409836064,0.2857142857142857,0.0,76,0.6382098451694608
0.4007018523489062,469.52221933192504,42.34528339913937,0.3448275862068966,0.7407407407407407,0.0,57,0.37928750021806884
0.6003856162834147,461.15389761975933,58.35412256728364,0.5238095238095238,0.6333333333333333,0.0,54,0.6995509992724281
0.09813559387726034,436.8671755327497,57.57912937629494,0.37254901960784315,0.7916666666666666,0.0,54,0.18987580681029487
0.6751620876684642,470.28540324687174,15.705770993048757,0.3939393939393939,0.8387096774193549,0.0,52,0.6747696547962468
0.5420295417844102,491.4286152704917,30.697774755752594,0.3870967741935484,0.8275862068965517,0.0,52,0.5726255639951406
0.6753914606791583,457.2623964629642,67.3394455185246,0.5606060606060606,0.7741935483870968,0.0,48,0.7045765003558994
0.12016242223839868,456.2104376479473,64.7502069185073,0.28846153846153844,0.7083333333333334,0.0,60,0.1252490446898
0.17039075970445883,457.26459230877117,98.63215711457156,0.20754716981132076,0.92,0.0,55,0.17100205487041187
0.9764841316517369,411.46248094487265,83.66760571562067,0.4155844155844156,0.4444444444444444,0.0,65,0.9438469260013876
0.3987652304398289,293.70692458330876,73.93666682175503,0.3275862068965517,0.5925925925925926,0.0,66,0.3748737346040263
0.9258024620299178,355.85697798112625,74.96088366601198,0.4666666666666667,0.5714285714285714,0.0,60,0.9167614614267487
0.9593490582230992,386.59676847073456,76.14040236546457,0.3815789473684211,0.5277777777777778,0.5,64,0.9905652021226345
0.2972331000174744,344.15730227559595,67.70920877173728,0.23214285714285715,0.4230769230769231,0.0,74,0.3598256844923408
0.25582173426288,349.643466558125,65.24751762029545,0.2777777777777778,0.5769230769230769,0.0,67,0.22461867783427908
0.3586233926795297,375.73997496293885,90.51324292752574,0.3157894736842105,0.37037037037037035,0.5,72,0.3410229220412883
0.6634095483331148,388.2931143657273,74.11867308588502,0.27692307692307694,0.3548387096774194,0.5,74,0.6279150294589065
0.058051351752465674,412.17730482471273,102.66162696149296,0.28,0.6666666666666666,0.0,62,0.136662509538497
0.3011031806581871,322.78250819567637,111.79029763281105,0.25,0.8846153846153846,0.0,57,0.19964136629877882
0.3520111828941702,425.9973987865234,168.6492377411337,0.26785714285714285,0.6666666666666666,0.5,61,0.3251526324728738
0.9962061815944345,599.4594194280911,97.18587409742231,0.4358974358974359,0.8648648648648649,0.0,45,0.9714953456434587
0.26864019466702516,449.26180706475617,154.64614340304047,0.2545454545454545,0.7692307692307693,0.0,57,0.29807017585744994
0.7979928194654149,527.616389540007,99.59010854994668,0.4,0.7878787878787878,0.5,51,0.8509921936115826
0.508625174051158,362.6092202046846,151.65492602108563,0.3442622950819672,0.8571428571428571,0.0,53,0.5386885016169713
0.3778031337243949,382.6489681024469,150.1685741335348,0.45614035087719296,0.7777777777777778,0.5,52,0.2875603787529441
0.25090527456937695,401.57163571696833,77.42552629094854,0.24074074074074073,0.5769230769230769,0.0,67,0.1982462024189033
0.28681462876324737,383.8945706080268,17.594680439004318,0.3090909090909091,0.8461538461538461,0.0,56,0.2651491829437358
0.34936810509535676,406.93400440688606,65.15005477415096,0.3392857142857143,0.7037037037037037,0.0,59,0.3379518755455463
0.4056929120913563,451.7661442811554,63.60970826578261,0.41379310344827586,0.7407407407407407,0.0,54,0.3234645549402569
0.03799017757764245,411.364688952372,42.0767006380982,0.36,0.7083333333333334,0.0,59,0.00773688074989692
0.386868425444869,363.83123145408564,48.184269752742416,0.39655172413793105,0.8888888888888888,0.0,52,0.40360590256123424
0.6044813690998091,427.6973849289974,82.2016256927282,0.3968253968253968,0.8333333333333334,0.0,52,0.6286177945827329
0.7731868546759277,417.85237003978085,55.08370447665911,0.36231884057971014,0.6060606060606061,0.0,62,0.7611138075619603
0.28078748415970567,448.17512405460707,122.90925075768085,0.4727272727272727,0.6538461538461539,0.0,54,0.19475130145954922
0.9103627406048701,587.7330141072812,142.83330473958182,0.43243243243243246,0.7142857142857143,0.0,50,1.0
0.017722379285222356,473.9051832431795,211.84064147115885,0.26,0.6956521739130435,0.0,58,0.0
0.8373704228929144,494.1139364869633,202.66918431975947,0.4647887323943662,0.7647058823529411,0.0,48,0.8217250128621281
0.35550778344046474,609.6629100356245,6.268525666819187,0.3157894736842105,0.9259259259259259,0.0,49,0.3790810159003835
0.27187287313352193,515.8582323631941,78.03218109193388,0.3090909090909091,0.8461538461538461,0.0,53,0.3222464121820014
0.719890303709417,587.2872535706124,124.47793213761,0.4626865671641791,0.6875,0.0,51,0.6788486853475659
0.012789264022986413,422.2830731981542,125.32226166315084,0.38,0.4782608695652174,0.0,64,7.057997217118674e-05
0.6552175960870651,481.38897640962267,48.27641021063144,0.09230769230769231,0.0967741935483871,0.5,88,0.7780019141800114
0.9288434988343165,492.39082826386374,52.21714229106121,0.13333333333333333,0.05714285714285714,0.5,87,1.0
0.8241853339971567,495.51954974287526,45.56466998668055,0.04225352112676056,0.09090909090909091,1.0,89,0.9694953791229125
0.8988669186734501,479.8879802121156,40.308578711244806,0.12162162162162163,0.0,1.0,90,1.0
0.6227601698242372,480.09501295807604,40.384238898933305,0.078125,0.16666666666666666,0.0,86,0.7618462596959451
0.5980551753640352,484.66408926432297,53.456781152054944,0.12698412698412698,0.06666666666666667,0.5,87,0.735711493028999
0.830955841433985,503.1736196293963,43.77161542698513,0.07042253521126761,0.029411764705882353,1.0,90,0.9651412431443208
0.040463079828827464,442.0734794344638,48.705693134594064,0.04,0.041666666666666664,1.0,92,0.2143459576796193
0.6962286739436482,638.5675112218295,105.62818278860932,0.5522388059701493,0.7419354838709677,0.0,45,0.6859522268424252
0.6168737542309264,585.7132660983067,31.005858508499657,0.390625,0.7666666666666667,0.0,52,0.6653429179154068
0.21537646621562256,658.6689357710288,84.20438647749445,0.2962962962962963,0.88,0.0,49,0.1654092024303157
0.09125944482715287,750.2905760313397,47.54258626200258,0.23529411764705882,0.875,0.0,50,0.12110605416686916
0.8292100683490646,571.431409766612,116.14862822484136,0.5070422535211268,0.8529411764705882,0.0,44,0.6757372310456106
0.9335338871257884,745.8822893402353,116.48382994552877,0.41333333333333333,0.7777777777777778,0.0,46,0.9068636332224511
0.028311350137035673,557.2162963151121,139.3607227424429,0.24,0.8695652173913043,0.0,52,0.0
0.7809150792110731,567.3447930923619,131.72289918898522,0.463768115942029,0.8181818181818182,0.0,46,0.7615239833342735
0.0015105564286171935,263.44338788155903,62.02883003976968,0.18,0.5652173913043478,0.5,73,0.06066918580322326
0.9102930946686671,319.27719389391024,174.8336067336548,0.44594594594594594,0.7714285714285715,0.0,53,0.8612477654269312
0.01463458294069786,311.05075457900426,80.36252943716701,0.18,0.6956521739130435,0.0,67,0.02586329114019646
0.6197178463187532,313.4261171312304,106.42304125031804,0.265625,0.7666666666666667,0.0,61,0.6454077432081048
0.841913341560424,299.3614161751821,133.87519102464208,0.23943661971830985,0.5,0.0,71,0.8641235644300326
0.269622424768186,338.3686350696547,92.32710292014872,0.3090909090909091,0.6153846153846154,0.0,64,0.18294659796766094
0.9599013977970557,266.78513195501233,117.0049146429558,0.3026315789473684,0.5277777777777778,0.0,69,1.0
0.9316828139709228,334.19335823212134,105.94929585261241,0.52,0.6111111111111112,0.0,57,0.9560819918258449
0.9227852797991704,465.66407747625664,40.97315423202317,0.09333333333333334,0.0,0.5,92,1.0
0.8962507226086311,476.8178241604846,37.20061683645255,0.0958904109589041,0.0,1.0,91,1.0
0.2261793034085282,430.5998827823225,34.70611703825221,0.05555555555555555,0.04,1.0,92,0.36720352508533993
0.2142999511211381,442.5136037003056,37.50186311661517,0.16666666666666666,0.04,0.5,88,0.37425285268186215
0.13087839539864243,422.59189288807335,43.90235109758007,0.019230769230769232,0.0,0.5,95,0.2865429909435097
0.8087047494299412,459.541341555661,41.1852592067699,0.04285714285714286,0.030303030303030304,0.5,92,0.9651448139007118
0.1501704185470848,425.27704824685696,42.89592492785532,0.09615384615384616,0.04,1.0,91,0.2992822975813012
0.1125129546723529,426.0848019357522,44.702071819098066,0.019230769230769232,0.0,1.0,95,0.25697757265016036
0.4309707965633207,589.1305204141904,141.87927717024917,0.3103448275862069,0.5357142857142857,0.0,61,0.4301671713166159
0.4369381056807642,556.937119957548,125.62330132621288,0.3389830508474576,0.6428571428571429,0.0,57,0.4439895383684079
0.9199758459017815,513.735273181815,91.2174521663882,0.28,0.4857142857142857,0.5,66,0.9184839877835209
0.07882807530723279,491.1572489181879,108.97230441157593,0.23529411764705882,0.375,0.0,72,0.08922643547324742
0.39390766964251445,597.6518478087928,117.62518415726564,0.3448275862068966,0.5925925925925926,1.0,58,0.34214097563131257
0.8171313982161558,512.6270080318811,88.07840630958036,0.36619718309859156,0.48484848484848486,0.5,63,0.851648862455561
0.03808951041815367,567.3008959695669,92.53376039382617,0.2,0.625,0.5,63,0.06737244991519416
0.5166942408795777,556.7661155309153,91.18235234102757,0.22950819672131148,0.6896551724137931,0.0,60,0.5399293734501596
0.45207791215603976,528.1539608715893,67.29115498081076,0.1694915254237288,0.07142857142857142,0.5,85,0.5770191098139591
0.48547693027849725,522.0534893058776,50.100177648825785,0.1,0.10714285714285714,0.0,86,0.6034228037608912
0.39233850741086496,546.4933754862321,80.73584752729401,0.13793103448275862,0.1111111111111111,1.0,84,0.545305976979655
0.7936275392732756,558.7634287683462,69.79597585826674,0.2,0.2727272727272727,0.5,76,0.9824799418496684
0.9625977393209906,565.328609062621,82.95205731632912,0.19736842105263158,0.08333333333333333,1.0,82,1.0
0.7331584820251265,548.4047539781187,63.28915330676538,0.11940298507462686,0.09375,0.5,85,0.8826795352541392
0.19165708733955822,486.547334731551,78.43039220527265,0.09433962264150944,0.2,0.0,83,0.3366689292036531
0.5823821632964383,499.17913424886984,54.44478658573235,0.1111111111111111,0.1724137931034483,0.0,84,0.7379362644262868
0.2961579662203433,311.1872836222863,78.35683511525012,0.125,0.2692307692307692,0.5,84,0.46359413646516584
0.9198411261756897,352.0115669770804,107.2959952247099,0.18666666666666668,0.4,0.5,76,1.0
0.9639147656713813,359.94217314176683,90.94617466291221,0.22077922077922077,0.4166666666666667,0.5,74,1.0
0.8310664496716534,385.0682412950903,100.84515155215384,0.23943661971830985,0.3235294117647059,0.0,76,0.9486700837872171
0.359196621392894,342.5686409613044,78.3549107541507,0.12280701754385964,0.3333333333333333,1.0,81,0.5069955960040443
0.06910669111320777,322.0444278814956,77.19219714362077,0.11764705882352941,0.3333333333333333,1.0,81,0.17204415709930593
0.2867826758388309,330.8430864729585,86.06369335081635,0.09090909090909091,0.2692307692307692,0.5,84,0.4654334147662454
0.6342787197127552,359.5678136033842,104.08843904801354,0.2153846153846154,0.43333333333333335,0.5,73,0.6899347541367365
0.05739505895543151,526.5717545371173,32.796643991435324,0.12,0.375,0.5,76,0.21235937575984928
0.5203292488667223,554.4681294107361,40.97534024842273,0.22950819672131148,0.2413793103448276,0.0,76,0.6712271055191789
0.3759433688325644,554.5562155152276,28.769133552353278,0.12280701754385964,0.2222222222222222,0.5,81,0.578063094599751
0.8796708902607329,586.2746833075114,35.19541516220608,0.2054794520547945,0.4117647058823529,0.5,71,0.8681833887098355
0.04699217272735212,538.7856300723887,41.27604241363674,0.12,0.2916666666666667,0.0,79,0.16404443646573255
0.9308384311503073,601.7527778075536,24.399539147396286,0.18666666666666668,0.34285714285714286,0.5,74,0.9818490126951323
0.14583355711446833,533.7296642439453,44.114067619035026,0.19230769230769232,0.36,0.5,74,0.06838482057723337
0.8086473436552222,572.3888645868378,48.97189242159574,0.17142857142857143,0.24242424242424243,0.5,78,0.9173291040336187
0.10754484735838976,395.1472787222435,56.757314859829265,0.1346153846153846,0.25,0.5,83,0.28006909508534344
0.43420959883398236,417.13623912546177,46.48489692889434,0.25862068965517243,0.4642857142857143,0.0,70,0.4113807295415374
0.6249773591332093,424.9217166366887,56.04919650883362,0.1875,0.26666666666666666,0.5,79,0.7664485632445248
0.5887994616671309,424.81776133268147,69.51624412982058,0.1746031746031746,0.36666666666666664,1.0,76,0.733354605752966
0.47505200088123367,384.6230957522296,47.299351718069246,0.13333333333333333,0.35714285714285715,0.0,79,0.6471135342170153
0.6775562452645418,428.7890155098251,51.01692492072709,0.19696969696969696,0.5483870967741935,0.0,69,0.7035988901740327
0.5123430456603899,416.48612765429414,66.27475452664896,0.18032786885245902,0.3103448275862069,0.5,78,0.6838422693382292
0.3939402146374703,417.45299444187685,56.12439160993352,0.22413793103448276,0.2962962962962963,0.5,77,0.5399231789146437
0.8417887618528771,442.18397540356176,63.860936448477474,0.3380281690140845,0.2647058823529412,0.5,74,0.8338742137032904
0.1795746796547819,405.56699115534843,44.08313342774697,0.16981132075471697,0.24,0.5,82,0.32679815768426224
0.3297455372463499,413.2335837346273,50.54425686126709,0.25,0.14814814814814814,0.5,82,0.4768441288679246
0.6852655459207373,438.01135405579606,65.40835911264325,0.25757575757575757,0.1935483870967742,1.0,79,0.7854739556173348
0.4399033365982695,420.47538134682253,54.67646703966033,0.23728813559322035,0.17857142857142858,0.5,81,0.5964112456199759
0.08332715332917362,411.10189719304026,43.366960232942674,0.17647058823529413,0.20833333333333334,0.5,82,0.22004448136005583
0.002790890473588603,388.15607834262664,38.88374943970181,0.18,0.13043478260869565,0.0,86,0.15220574391433003
0.7321439858395088,424.57181602949817,55.89304716994969,0.16417910447761194,0.15625,0.0,84,0.8716399208076027
0.08888672059183111,433.01121236102955,47.95444662235926,0.11764705882352941,0.25,0.0,82,0.24370672652012462
0.6015178983561835,450.3791528020015,63.27176470571647,0.1111111111111111,0.4666666666666667,0.5,75,0.5418356644567017
0.31483766724526474,452.58593764005377,73.53756493433207,0.125,0.19230769230769232,1.0,83,0.47091746739046153
0.589927140525222,467.0253969723861,61.53457158453358,0.12698412698412698,0.2,0.0,83,0.7587611853678828
0.8653721757121197,455.8606193472958,65.41650058224252,0.2191780821917808,0.38235294117647056,0.5,74,0.8861403304115173
0.16153586673962972,420.04386057133627,44.51106609359371,0.1346153846153846,0.2,0.0,84,0.3427948570744442
0.9428631210138628,486.2046791531075,63.488826331572085,0.18666666666666668,0.3611111111111111,0.5,75,0.9174319589342963
0.6343589204868201,469.0547003197344,64.85911596887006,0.2153846153846154,0.3,0.0,76,0.8173286582564855
0.37922674583998295,411.8478244053327,130.01057823561672,0.3333333333333333,0.7407407407407407,0.0,57,0.4403770726150342
0.5554259151915379,453.81948380271234,144.98306074728094,0.27419354838709675,0.5517241379310345,0.0,64,0.5113856616511638
0.8353569062939832,426.1702856080526,142.45421291487452,0.22535211267605634,0.47058823529411764,0.0,70,0.7818328749068687
0.7817486806388066,381.45489410383715,132.06887995611453,0.30434782608695654,0.5454545454545454,0.0,65,0.7554963865269939
0.2053571826985805,424.45994212433015,140.95564442732547,0.2777777777777778,0.44,1.0,69,0.21821915713962114
0.3829783961184263,404.37404045642876,128.89654143504742,0.27586206896551724,0.6296296296296297,0.5,63,0.3927635475136204
0.8648864992094799,499.72400588376473,157.2853141646462,0.3835616438356164,0.5882352941176471,0.0,58,0.8537254690699464
0.24621426658416035,446.54270371884394,144.3727490551389,0.2777777777777778,0.6153846153846154,0.0,62,0.17046623681939888
0.34885082697389713,576.1136225410603,58.02835234961432,0.23214285714285715,0.37037037037037035,0.0,71,0.36487257962017505
0.24044622573625862,559.2887347860201,71.2093913919067,0.12962962962962962,0.6538461538461539,0.5,65,0.28317994481431596
0.9644492369585763,572.4982210594551,35.63380925577754,0.37662337662337664,0.6111111111111112,0.0,58,0.9760042922929398
0.9196513167747996,641.3929187819083,95.3083650545598,0.3466666666666667,0.6285714285714286,0.0,56,0.9064933710223041
0.01634139151247116,529.0638817429361,44.80832092535095,0.1,0.7391304347826086,0.0,64,0.0014556627311161675
0.09763632161089653,533.5768272760116,63.1777918750593,0.13725490196078433,0.375,0.5,75,0.1381380915863783
0.4901041752182733,559.7646702034028,52.94710432114233,0.29508196721311475,0.7142857142857143,0.5,57,0.4817495045833689
0.2716539218267705,546.8970873194239,62.634084728582536,0.23636363636363636,0.5769230769230769,0.0,64,0.2848740192176563
0.8732368522346308,593.947253843108,48.847588693132494,0.1780821917808219,0.058823529411764705,0.0,84,1.0
0.5457037240764476,604.566236365653,40.71358320896576,0.1935483870967742,0.06896551724137931,0.5,83,0.6951711890373397
0.22740726973478476,574.7199634154921,47.78260831518291,0.2962962962962963,0.04,1.0,81,0.3621606860223976
0.04180417736382014,523.7063464432429,53.03980068722999,0.22,0.0,1.0,86,0.19002907114089782
0.5864497649769997,554.876671924643,50.00225834933086,0.15873015873015872,0.1,1.0,84,0.729408600386363
0.6678408528700807,573.1289078840651,45.97315918681162,0.2,0.12903225806451613,0.5,81,0.8203724384136033
0.5103538444008343,549.3211452397142,46.341549806421476,0.22950819672131148,0.17857142857142858,0.5,79,0.671908455348488
0.04074125670461248,543.6615769658179,47.13613056537857,0.12,0.08333333333333333,0.5,86,0.19376435530110375
0.3580909090271992,411.6667168936094,101.28815344038127,0.08771929824561403,0.14814814814814814,1.0,87,0.5009635989027867
0.014251509517366756,364.5859008862636,113.23527546088339,0.04,0.13043478260869565,1.0,90,0.1758305981289548
0.4212320524687089,405.6299695114851,102.26032605028675,0.08620689655172414,0.17857142857142858,0.0,86,0.5512092039792919
0.5260767052732854,407.7051936217401,117.10838700464691,0.04918032786885246,0.10344827586206896,0.0,89,0.6802433392769407
0.1267735837535593,382.49102427095727,104.45056306636184,0.07692307692307693,0.08333333333333333,1.0,90,0.28441383456765107
0.414798786252756,386.01133961535544,93.66846064931718,0.06896551724137931,0.21428571428571427,1.0,86,0.5708563645813458
0.19452162452103605,381.23553097776653,114.20004836937436,0.07547169811320754,0.08,0.0,90,0.34173493481744127
0.924464720151439,420.6150411168751,95.87579276692666,0.10666666666666667,0.08571428571428572,0.0,88,1.0
0.6556856984039794,425.96514803781065,130.52507287605832,0.2153846153846154,0.5161290322580645,0.0,69,0.6279889015567878
0.22268073888629913,384.9994467570101,123.8784706743343,0.2037037037037037,0.56,1.0,68,0.23239241133010405
0.25226560296043865,394.47927130431236,116.89131807741005,0.14814814814814814,0.34615384615384615,0.0,78,0.3825290115727743
0.8119398788592999,485.9954848228649,127.2153255217258,0.2535211267605634,0.48484848484848486,0.0,67,0.8672252163873359
0.8406720152138185,451.7085365832722,160.64748370423155,0.2676056338028169,0.5294117647058824,0.0,65,0.8851414815677567
0.6615067786628703,381.3071299821627,161.41093730793048,0.16923076923076924,0.4838709677419355,0.0,72,0.6707053291490231
0.26278496827765907,477.8829735336381,137.89062839147567,0.2222222222222222,0.5,0.5,68,0.2963453608896881
0.8524545367334454,491.16162957940423,137.767475891539,0.25,0.5294117647058824,0.0,65,0.8294322165354638
0.7551583712492418,616.4231228485379,120.07906293870985,0.07246376811594203,0.1875,0.5,81,0.9448904326830666
0.7591648676243634,547.99605669308,116.97671806713686,0.17391304347826086,0.21875,0.5,78,0.8883675575087726
0.7053869182835928,570.7487129960015,109.5583478796528,0.2537313432835821,0.3225806451612903,0.5,71,0.6890895754432285
0.02902639327931711,566.9119191214784,127.21570642956354,0.14,0.08695652173913043,1.0,83,0.17476452557765584
0.263071587713814,592.022785379746,90.51739829838121,0.16666666666666666,0.23076923076923078,0.0,77,0.38652903152378576
0.5807128002586647,579.9691339150701,111.92538288754236,0.09523809523809523,0.20689655172413793,0.0,81,0.7667861164081966
0.037671589911896564,535.1923475030336,144.72684701926946,0.22,0.25,0.5,75,0.014266150289919968
0.48399844573688366,576.0807509246065,89.3941207948638,0.15,0.21428571428571427,1.0,79,0.6278676453330013
0.8033074270090629,510.59448841041274,112.96503347155345,0.42857142857142855,0.696969696969697,0.0,53,0.7906697602425908
0.8000710073097888,539.8472271374877,139.24528237778895,0.32857142857142857,0.5757575757575758,0.0,60,0.7714095681566072
0.26332012121179527,462.2531574643461,75.51612134666023,0.2962962962962963,0.6153846153846154,0.0,62,0.18690297375632603
0.4580594084929953,546.8676399873925,141.4637034399049,0.288135593220339,0.7142857142857143,0.0,56,0.5270477827221882
0.6961741369781531,538.3937330098671,142.55102369563656,0.3880597014925373,0.5806451612903226,0.0,58,0.6622194165720366
0.496659924663433,522.8675976341331,126.22470003717311,0.3114754098360656,0.7142857142857143,0.0,56,0.5462452237894431
0.6529975745215713,502.4008476277911,86.86756720931791,0.3230769230769231,0.6129032258064516,0.5,60,0.6265544732487941
0.7077896733777648,518.9141580496249,98.05478611414277,0.34328358208955223,0.5483870967741935,0.5,61,0.6674602536783227
0.20770193896633393,364.8940482333401,36.57108939537414,0.2962962962962963,0.72,0.0,61,0.17808901540186006
0.865478543935945,408.77998318726594,102.85507774163612,0.4520547945205479,0.5294117647058824,0.0,61,0.9520378865657199
0.30039200255202547,378.6236895639822,129.2641148627169,0.4642857142857143,0.7307692307692307,0.0,53,0.3159123981452564
0.5669175804828931,468.029358202588,65.03513819492296,0.3968253968253968,0.5172413793103449,0.0,62,0.5683178107289866
0.05056624115615416,457.0435815442526,88.45497171153039,0.34,0.5833333333333334,0.0,62,0.047765172251610095
0.4464401459398376,362.8498921229583,33.26158220960442,0.3389830508474576,0.75,0.0,59,0.44874872257501663
0.6755326599028617,445.4377066146157,76.61332935488484,0.42424242424242425,0.6451612903225806,0.0,57,0.6148706562333596
0.9014208613602253,455.98456625449217,83.09771915623098,0.36486486486486486,0.7714285714285715,0.0,55,0.9035565059768732
0.6687815984448893,446.8610810329169,121.44606151333954,0.2153846153846154,0.22580645161290322,0.5,78,0.8361170575322294
0.02423051651156427,414.4211785624243,75.81961831218428,0.12,0.4782608695652174,0.0,74,0.020950277286443348
0.6415830246292383,482.48405821038006,98.12912006509885,0.23076923076923078,0.4,0.5,71,0.6476894041298703
0.1721921198388039,432.71172035376003,88.9677633541814,0.1320754716981132,0.28,1.0,80,0.3153347657047703
0.8486077678614282,493.42938362780677,128.8661059294744,0.2638888888888889,0.38235294117647056,1.0,70,0.8750347407461461
0.1706836317940128,435.55452375625663,91.67648482880745,0.2830188679245283,0.24,1.0,76,0.3187713348107266
0.7170661141396643,519.3460876810395,106.9586031644831,0.31343283582089554,0.5,0.5,64,0.7767658927002324
0.3893635858021022,433.1581185062415,99.60732249971608,0.2413793103448276,0.4444444444444444,0.0,70,0.4122550731480981
0.059939367140902866,275.8220154624741,103.3781130568531,0.08,0.16666666666666666,1.0,89,0.22460070462993906
0.035986084065680934,265.5282614441338,77.79918876978613,0.06,0.25,0.5,88,0.16824937467841902
0.3355199412987626,278.27050343368694,100.00753917368176,0.05357142857142857,0.37037037037037035,1.0,83,0.47013230314663346
0.8385071325595158,290.26396606528914,63.414905707598535,0.2535211267605634,0.38235294117647056,0.5,76,0.9632589513094498
0.6708032438159407,301.7026208794315,104.13677621988332,0.16923076923076924,0.1935483870967742,0.5,84,0.8135046115262028
0.17674310106224367,256.03411919246736,85.34356966662156,0.16981132075471697,0.24,0.0,84,0.35406285777160856
0.03758535635444138,283.70928067010976,88.66758188436921,0.1,0.3333333333333333,1.0,83,0.19834103049246374
0.7167516973200185,300.54553495081905,77.61057861887302,0.22388059701492538,0.3125,0.5,79,0.8536380547218674
0.376017736049687,375.0964099636227,99.61672568753411,0.19298245614035087,0.4074074074074074,0.0,75,0.3812612779371766
0.0544130249557343,336.96941152149554,122.3028275294183,0.26,0.4166666666666667,0.5,72,0.10668607634758531
0.7609155550803418,365.8697020484421,77.3130095654374,0.2608695652173913,0.40625,0.0,73,0.7528148699242662
0.11659006105264769,305.75245923085015,117.38321377711142,0.21153846153846154,0.5,0.0,72,0.10660933903147171
0.9118411941621191,356.4724835469621,100.12993557797182,0.3918918918918919,0.5714285714285714,0.5,62,0.9055265697131826
0.8690750128987748,388.21075726742987,106.68981542756852,0.3424657534246575,0.5588235294117647,0.0,64,0.8665052201606372
0.7267858279388927,387.91405904331606,96.44077226912884,0.208955223880597,0.3125,0.5,77,0.846663032574238
0.0021178231402433356,315.16822676843657,85.91726613948725,0.24,0.30434782608695654,0.0,78,0.1316844238590027
0.9546866393489043,386.27925967278674,150.56261550997874,0.32894736842105265,0.5277777777777778,0.5,65,0.9429559298357896
0.11208433312900468,377.9096462003763,112.02206433707543,0.15384615384615385,0.5,0.5,73,0.18966678742695264
0.8595087989892136,460.5440822983136,186.25202489540027,0.25,0.47058823529411764,0.0,67,0.842297996568933
0.9659767549872442,453.7485385275932,116.57090077228983,0.2857142857142857,0.6111111111111112,0.5,62,0.9792881505103092
0.38448097576889695,451.2992358448491,167.15979747945562,0.20689655172413793,0.5185185185185185,0.5,68,0.3707822514082344
0.014021068562085626,429.1184373268193,118.82420645861507,0.14,0.6521739130434783,0.0,67,0.0
0.6499626944417365,441.11760280444093,153.9129550978441,0.24615384615384617,0.5,0.0,67,0.6420584323691312
0.21056957359083595,366.9385082797063,177.91276557180947,0.16666666666666666,0.44,0.5,73,0.24973994572098768
0.8264362532304692,362.5361023493681,59.53523787093029,0.16901408450704225,0.36363636363636365,0.0,78,0.9914968564289625
0.9785697343780232,377.36331880538785,85.63690875905145,0.09090909090909091,0.3888888888888889,1.0,79,1.0
0.29619592969795183,344.17269712700335,67.84566141064722,0.16071428571428573,0.23076923076923078,0.5,83,0.43658817181686627
0.7411234869318217,322.00111723757084,70.30991495247928,0.1323529411764706,0.34375,0.0,81,0.9234684430381817
0.6977987919285027,361.19040554479085,79.29796022425475,0.19402985074626866,0.22580645161290322,0.0,82,0.8450351971310448
0.3357844447072895,339.1183804407361,74.13384446969461,0.08928571428571429,0.2222222222222222,0.5,86,0.47060861584617675
0.9992797251729059,365.09180286585206,87.73974473382256,0.2948717948717949,0.35135135135135137,0.0,73,1.0
0.015845902553231817,295.7221757368351,53.02016228638174,0.1,0.4782608695652174,0.5,78,0.1389020563176293
0.9349226827645013,516.8739083415395,112.95277448545322,0.4,0.6388888888888888,0.0,56,0.8944474847979199
0.769856380293839,552.8056965496986,112.11281850432702,0.3333333333333333,0.4375,0.0,65,0.8230692490468942
0.9901517058297904,536.8063582816766,86.66435432644228,0.38461538461538464,0.75,0.0,53,1.0
0.10711889353817605,584.2221218904502,140.4948624633174,0.2692307692307692,0.5,0.0,64,0.09631517962785999
0.344186328489424,470.38000806345207,97.05765076128972,0.35714285714285715,0.5555555555555556,0.0,62,0.413172236873044
0.7119135427578088,556.1633922120934,168.9896247509477,0.3582089552238806,0.7419354838709677,0.0,52,0.6726704831050929
0.6772468852115795,516.8577782780322,125.72543498257225,0.3181818181818182,0.5483870967741935,0.0,62,0.7499999934296845
0.1665283675105791,467.7971114574585,96.47774754309087,0.23076923076923078,0.6,0.0,65,0.224427262191505
0.5032020814513962,480.5013731778441,90.82095892247435,0.21311475409836064,0.21428571428571427,0.5,79,0.6792525932763999
0.48100458244838173,517.7028978227859,93.49425293188173,0.23333333333333334,0.32142857142857145,0.5,73,0.4784747899123402
0.7211499583823048,480.76972986556245,63.8595283184344,0.2835820895522388,0.375,0.5,71,0.7021816112870001
0.976808121180261,511.18497430586035,81.10155894941305,0.23376623376623376,0.4166666666666667,0.5,70,0.929045701979275
0.7312027325564641,515.5411502702974,102.54105878442287,0.22388059701492538,0.40625,0.0,71,0.7320270808278821
0.11379098679086519,458.9427423850749,91.14304625204804,0.17307692307692307,0.25,0.0,79,0.2438243206909902
0.2613747913556239,419.262562521065,102.71464595695525,0.09259259259259259,0.46153846153846156,0.5,75,0.30163232400583156
0.6054892285180937,480.71196736175193,61.172148725015035,0.1746031746031746,0.43333333333333335,0.0,73,0.5711510614215243
0.01458356570631092,290.0232101925585,38.18430311151569,0.2,0.6521739130434783,0.5,69,0.012997354525046136
0.4107646082865203,342.1210844682076,41.292067145684435,0.27586206896551724,0.5,0.5,70,0.38999918618886226
0.4170529709663131,332.03469933501435,35.38130770979738,0.27586206896551724,0.6428571428571429,0.0,66,0.40864095517483534
0.011906591999208294,304.3170212299178,28.22568811960966,0.2,0.6086956521739131,0.0,70,0.014238913497803748
0.5230513205327358,327.6116761355398,61.44107497181483,0.2786885245901639,0.6551724137931034,0.0,65,0.5300823305023377
0.97564690374854,344.7440418477073,46.71727062987587,0.4155844155844156,0.5,0.5,65,0.9590266086349326
0.9233944617888292,328.54837739253475,33.9258752089176,0.3466666666666667,0.6857142857142857,0.5,62,0.9698168349110874
0.3219904860941518,316.5004554657019,52.957147587201746,0.26785714285714285,0.5769230769230769,0.0,68,0.25252043299375093
0.23049166315050318,438.97398591113944,61.37144705456877,0.2037037037037037,0.56,0.0,68,0.18408834004475905
0.40889045014783676,437.11866149610296,122.53256062572873,0.25862068965517243,0.6785714285714286,0.5,61,0.4532598821494679
0.2569791159710282,444.6677177587231,137.50029067108414,0.2037037037037037,0.5769230769230769,0.0,66,0.3466671995148854
0.43880157581208945,446.78940983745275,95.78132381901918,0.2711864406779661,0.6071428571428571,0.0,64,0.41215649683810174
0.9621175686531642,438.71038047140166,71.01356465601685,0.2236842105263158,0.7777777777777778,0.0,60,1.0
0.4017748877627254,402.61243708079485,134.75687885112984,0.20689655172413793,0.7407407407407407,0.0,61,0.3634480178370225
0.3253122666743977,464.4449714712637,129.367434816506,0.23214285714285715,0.5185185185185185,0.0,67,0.3309503615718939
0.5098167354722231,450.95662571688445,64.98026158251872,0.2459016393442623,0.7142857142857143,0.0,61,0.507763027030798
0.09098033846338871,451.2470974207835,88.55087907066117,0.19607843137254902,0.4583333333333333,0.0,71,0.1014157991560564
0.9896760120928134,548.4020105306196,100.24009203823248,0.23076923076923078,0.5,0.0,66,1.0
0.3830588805377806,458.64866982441737,90.71753242964407,0.1724137931034483,0.37037037037037035,0.5,75,0.3654183879240434
0.7875555202922049,470.23617471389844,155.8998171719915,0.17391304347826086,0.45454545454545453,0.0,71,0.7590074733533839
0.6309970689692205,515.7998098903704,144.68425195883088,0.15384615384615385,0.3,0.5,76,0.7307068844878567
0.8671963442858314,485.0210166846596,96.01541442787372,0.3013698630136986,0.38235294117647056,0.0,70,0.7947294683666114
0.3371643330781471,444.7248346283367,119.99977440424625,0.23214285714285715,0.5185185185185185,0.5,68,0.3563438848071089
0.7686941411774981,470.83645917774635,140.4591868032444,0.2463768115942029,0.5625,0.0,65,0.7430497931690813
0.08148115657673705,287.08244380239324,90.61521879726939,0.21568627450980393,0.5833333333333334,0.0,70,0.11592131485367596
0.6186574673845501,336.1105128020439,122.40657332678144,0.3125,0.6333333333333333,0.5,63,0.6330002055128039
0.48038075845099726,321.4067875026715,118.38231785347286,0.25,0.4642857142857143,0.5,72,0.4704209207318147
0.5717640038387147,302.2054099193454,110.69149601384653,0.15873015873015872,0.4482758620689655,0.5,76,0.7005658415326281
0.7765269615292131,267.57361789379684,91.41834230347764,0.2753623188405797,0.6363636363636364,0.0,66,0.7440028514145643
0.8858625696091056,344.5453243479332,126.50392632776583,0.2876712328767123,0.5714285714285714,0.5,66,0.777816013069685
0.9707202715851897,326.70267628760996,110.50112829247472,0.3246753246753247,0.5555555555555556,0.5,66,0.9237348925086547
0.852707740451865,334.9935282252545,105.5385753758033,0.2777777777777778,0.6764705882352942,0.0,63,0.8809281197032066
0.8519030825013485,528.7371452261415,137.1585937214759,0.2222222222222222,0.4117647058823529,0.5,70,0.8465733898216301
0.10252588671091978,478.32515483941273,150.22805567804332,0.15384615384615385,0.5416666666666666,0.5,68,0.1123062120640534
0.9482441888685016,532.5928911229173,141.74887168572485,0.2236842105263158,0.4722222222222222,0.0,67,0.9252062812948538
0.06200534290361548,421.41993619416695,141.74105467686135,0.08,0.125,0.5,87,0.23299167360085993
0.7806465835550647,519.433208277632,192.21209045709105,0.17391304347826086,0.3939393939393939,0.0,71,0.7759789811575983
0.719305886106666,584.260449762121,174.8885492532472,0.1791044776119403,0.46875,0.5,67,0.6782692847081095
0.14328161053436883,499.0390362715606,175.7928795470684,0.15384615384615385,0.4,1.0,72,0.06117581034256296
0.7899918183852644,512.6671835567381,192.067242716302,0.2608695652173913,0.3939393939393939,1.0,68,0.824006174065833
0.15479395968245258,392.5578275941648,76.92549344092673,0.23076923076923078,0.36,0.0,75,0.12032707865297647
0.5110180473346554,443.47417671950666,73.52191020559033,0.3770491803278688,0.42857142857142855,0.0,67,0.5245395015542824
0.19307193108419518,394.4612965728813,135.01205966240798,0.16981132075471697,0.32,0.0,78,0.3254398750823346
0.19893161681780303,383.008295875516,84.76682496997812,0.1509433962264151,0.44,0.0,75,0.1690362727758083
0.01935812490810984,440.1729562683973,146.63862970322117,0.24,0.5217391304347826,0.5,67,0.01655551891636578
0.44394324685784825,506.8811522236869,102.46783743648568,0.288135593220339,0.35714285714285715,0.5,70,0.47841835244544184
0.4173740683812439,389.4170670850927,124.76024884137601,0.3275862068965517,0.35714285714285715,1.0,71,0.3862368612943669
0.7115777125263103,477.4343689264356,112.95043939118098,0.29850746268656714,0.45161290322580644,0.5,67,0.6667234958302881
0.6522701322317147,304.2076216875822,49.79815449834481,0.07692307692307693,0.3548387096774194,0.5,83,0.8219000376327305
0.4504113796713176,303.12861162965186,50.70152478380561,0.22033898305084745,0.35714285714285715,1.0,78,0.5847854740353047
0.5371477994703119,300.3892235620252,48.363364010897456,0.0967741935483871,0.3103448275862069,0.5,84,0.6735500569072632
0.6403853151150554,293.87486682640315,50.89005049350261,0.13846153846153847,0.36666666666666664,0.5,81,0.7992260538824202
0.21185801861538134,278.8838874422227,37.29523418629209,0.09259259259259259,0.04,0.5,94,0.37355729722468917
0.6330666303549622,286.2822047920728,43.519980389209884,0.15384615384615385,0.1,0.5,90,0.7632485201958861
0.6571570021935532,295.39029310654047,45.41955218126938,0.24615384615384617,0.3225806451612903,1.0,78,0.801850359862223
0.6345379182003379,297.1798126016549,45.81961907539834,0.18461538461538463,0.2,1.0,85,0.8167944584790496
0.6803571528382734,403.933402441426,41.05679565084545,0.18181818181818182,0.3870967741935484,0.0,76,0.8336521949163677
0.8722284940547849,429.6620415004701,31.271072183102845,0.3013698630136986,0.38235294117647056,0.5,72,0.8844905327723379
0.2560234971697254,381.3481947796122,33.3123684057546,0.18518518518518517,0.38461538461538464,0.5,77,0.40809577661240976
0.7581663674604794,404.5783276665164,43.81237173818596,0.2753623188405797,0.46875,0.5,70,0.7535660813123701
0.6041853987183935,416.0849817533044,30.097298837993407,0.19047619047619047,0.5,0.5,72,0.5647390948038882
0.6982658341878836,424.2648616414728,39.95871408656151,0.22388059701492538,0.3548387096774194,0.5,75,0.6579023417746956
0.6398164408325032,418.86661126994227,39.31363760046663,0.2153846153846154,0.4,0.5,74,0.58070524982258
0.5335291444353845,402.1922442176696,37.9930333773898,0.22950819672131148,0.3103448275862069,0.5,77,0.6774144567927428
0.015214717426955127,360.9707899090647,76.22025687280416,0.22,0.43478260869565216,0.5,73,0.08436238842334319
0.5164574356805434,392.9854660072914,70.52945087266245,0.19672131147540983,0.4482758620689655,0.0,73,0.4868817934764774
0.7789988391841303,426.3518779610874,65.29865039248938,0.13043478260869565,0.42424242424242425,0.5,76,0.9250966229671896
0.7793577145198409,452.2754815451545,90.98400704748997,0.11594202898550725,0.42424242424242425,0.0,75,0.781447281914496
0.0038531219802473426,387.6224133389632,92.8933066166031,0.24,0.30434782608695654,1.0,77,0.15636259794853777
0.26423222086492226,390.9697892193802,74.48803303626646,0.16363636363636364,0.2692307692307692,0.0,81,0.4268015185088072
0.1473982216830071,440.3949547644798,82.8592924458972,0.19230769230769232,0.4,0.5,74,0.11971945064707494
0.022308273576866933,435.7690614853447,83.9364223640647,0.26,0.391304347826087,0.5,72,0.05577449735869082
0.1716248223687883,298.7492022142024,120.67023130530598,0.07547169811320754,0.48,0.0,78,0.3143708348580187
0.48489126864605836,294.1646712859021,82.39258774207336,0.2833333333333333,0.35714285714285715,0.0,75,0.5155866594072056
0.9786395773365032,340.45330776822294,99.90224762344097,0.36363636363636365,0.5555555555555556,0.0,64,0.9017332138514486
0.6021539344625301,343.5641446485433,103.21673895214794,0.38095238095238093,0.5,0.0,65,0.5754685990201611
0.8837049834530778,320.9177101906688,88.4254981754256,0.3835616438356164,0.4857142857142857,0.0,67,0.9003489304884191
0.9043032973273998,323.3538443032347,88.27163615361708,0.33783783783783783,0.6285714285714286,0.0,63,0.8613067947269974
0.38498675177937036,314.61227162276225,82.02328908169221,0.2413793103448276,0.37037037037037035,0.0,76,0.5300714156078622
0.9923784854930484,335.72523748691134,97.5906129766599,0.32051282051282054,0.5555555555555556,0.0,66,0.9237665020888586
0.39638487281676504,356.7198571583891,62.1367608922395,0.25862068965517243,0.6296296296296297,0.0,66,0.423133137628977
0.6430382252087388,395.5870877090163,65.38292814262732,0.26153846153846155,0.6,0.0,66,0.6418808546933334
0.030981185725411087,341.7315283703531,82.77848515004858,0.32,0.6666666666666666,0.5,62,0.0
0.5951671639290778,347.508736863263,54.648250461879606,0.3333333333333333,0.5333333333333333,0.0,67,0.6154192281598265
0.6305114899593964,368.00414128325497,55.57043374760259,0.2923076923076923,0.6666666666666666,0.0,63,0.6227079610689432
0.26653180171948354,341.534711077492,84.26355683883145,0.2727272727272727,0.5,0.5,70,0.285446059630801
0.01415073757483587,324.46012707667404,88.50359833202027,0.22,0.4782608695652174,0.5,73,0.02178358844943287
0.2809419283531881,375.4083235021048,84.08168577336951,0.2727272727272727,0.38461538461538464,0.0,73,0.27865694963262744
0.39054243367208974,392.3687063410393,74.60325624019178,0.15517241379310345,0.2222222222222222,0.5,83,0.5383000132641013
0.2342906764552779,362.68485720374605,42.5205480154314,0.14814814814814814,0.23076923076923078,1.0,84,0.3849956185314184
0.9468756309901694,414.34151478056333,86.75005181609613,0.16,0.3055555555555556,0.5,79,1.0
0.4351467214778807,383.6289245437529,54.10055553017924,0.2542372881355932,0.14285714285714285,0.5,82,0.5768230364092019
0.8374298297042314,405.26196112108676,76.9015818713593,0.2535211267605634,0.23529411764705882,0.5,78,0.9811723201993935
0.30330862268411773,359.04853380873334,66.7121545012891,0.21428571428571427,0.19230769230769232,0.0,82,0.4585113458665812
0.9413366441604656,401.30895770256194,86.94706962950006,0.12,0.2222222222222222,1.0,83,1.0
0.5249153123806438,378.5173672938266,72.24866690198618,0.2786885245901639,0.13793103448275862,1.0,82,0.6684658553391576
0.207851364069643,371.4182552210616,111.91110882397984,0.4444444444444444,0.52,0.0,62,0.20819233540044801
0.13026165905404785,413.57058453860196,123.19635904483458,0.19230769230769232,0.4166666666666667,0.0,73,0.1937131496746391
0.6902421913196527,453.8393661526026,94.68713256973425,0.3787878787878788,0.6774193548387096,0.5,57,0.7154026012248921
0.9641754218689419,450.9004174958895,142.42552974966483,0.35064935064935066,0.6111111111111112,0.5,60,0.9761261132677752
0.6800129433604662,420.3353926303078,69.03871379256336,0.3181818181818182,0.6129032258064516,0.0,63,0.6986500028917922
0.35822167520172743,484.05287321265075,135.30422453984707,0.2982456140350877,0.5925925925925926,0.0,62,0.30931722403182615
0.00849513816858416,356.5077183384482,102.77259915207682,0.16,0.4782608695652174,0.0,74,0.0
0.32978845828969516,429.9414990123102,158.28788965847457,0.17857142857142858,0.6296296296296297,0.0,65,0.30853837172176163
0.7256530157515805,390.17386994698575,154.25972010522506,0.31343283582089554,0.65625,0.0,61,0.7280818662776777
0.9719301314269501,344.5699072867283,149.4947845562392,0.38961038961038963,0.6944444444444444,0.0,58,0.9113191922391874
0.36571338422990374,370.27060541520814,131.76080868166127,0.21052631578947367,0.5925925925925926,0.0,67,0.4232181407234802
0.023383963499597038,448.133888248584,187.29919463347787,0.24,0.6086956521739131,0.5,63,0.044024186867177774
0.757399458259638,371.51698589789646,145.04018106164722,0.30434782608695654,0.53125,0.0,66,0.7870396326410306
0.622798522705721,413.52178405440804,160.49864949652954,0.375,0.4666666666666667,0.0,64,0.5409143720437926
0.47118832944677413,390.0325068564449,114.94236596567994,0.25,0.7142857142857143,0.0,61,0.4911223241862832
0.6236301992462796,340.8250712305133,128.37717521981216,0.34375,0.6,0.0,63,0.5913024477528892
0.740475861534706,467.15818401856353,88.34056614421395,0.4264705882352941,0.8125,0.0,51,0.6961842551554321
0.9934178718010545,523.6935025584293,53.24659329270714,0.5897435897435898,0.8333333333333334,0.0,44,0.8100703972321879
0.2541631512036776,418.7359783089563,100.72081139108397,0.3888888888888889,0.5769230769230769,0.0,61,0.2689445765404919
0.5386846723655084,397.48209425281084,85.10585903111296,0.43548387096774194,0.7241379310344828,0.0,55,0.5133948492183705
0.20817723037019475,415.4870469594807,113.36443503387524,0.35185185185185186,0.6,0.0,61,0.27459370774503006
0.5656449856647973,456.37863930760483,113.4742318544284,0.3492063492063492,0.6896551724137931,0.0,57,0.5777329612194814
0.35036054611826406,438.04805350291105,50.35057912961825,0.48214285714285715,0.7037037037037037,0.0,54,0.3686550242925232
0.20134482006278098,399.21736586169885,61.64719972249534,0.32075471698113206,0.72,0.5,59,0.16467159964429998
0.6684218901797919,288.33168817096345,118.08686635614434,0.4153846153846154,0.7741935483870968,0.0,56,0.6437850162736692
0.265778672120042,335.45514617360334,109.75953072582962,0.2545454545454545,0.6153846153846154,0.0,66,0.24983226696911498
0.07492122602622142,273.92748444257325,27.2345000923556,0.21568627450980393,0.9166666666666666,0.0,59,0.08718375269070067
0.20905891488019424,295.6838956544198,107.78591308059012,0.24074074074074073,0.44,0.0,73,0.2199528783501649
0.5952833013972547,335.5579270909676,85.6164721963036,0.23809523809523808,0.7333333333333333,0.0,63,0.5733850904770524
0.7340866273984559,281.5697498881751,113.1590965878726,0.4117647058823529,0.78125,0.0,56,0.8078388119794313
0.046654740798792615,354.43841823008574,126.38945986608044,0.26,0.7916666666666666,0.0,59,0.04576204770843549
0.7619098985810853,335.6435393008342,51.566117716555134,0.4057971014492754,0.75,0.0,57,0.7584603855930735
0.8567174335699062,334.0149611934442,128.9563948005559,0.4444444444444444,0.6470588235294118,0.0,58,0.8694156709647857
0.11629484413570945,378.1484983626514,135.60103748027507,0.19230769230769232,0.75,0.0,62,0.037434367504711324
0.4304940243759253,290.83803828638713,85.32382134720366,0.25862068965517243,0.6428571428571429,0.0,66,0.43130002694358205
0.8715941073811406,375.4588901479219,150.797064730598,0.4520547945205479,0.5,0.0,62,0.8628620406269601
0.6381781581462926,311.2921843319821,123.13642338705499,0.27692307692307694,0.6333333333333333,0.0,65,0.6453943239296458
0.610036759677747,436.19810238050604,121.72520980267115,0.359375,0.8,0.0,53,0.6542500614315866
0.49530932336121436,311.81674113348816,159.25699921436947,0.39344262295081966,0.6071428571428571,0.5,61,0.4940184742966166
0.14453037718088801,307.787279352153,156.33913755003806,0.3269230769230769,0.52,0.0,67,0.15797195842008907
0.30301257057941444,396.3793948445149,101.73471499577825,0.16071428571428573,0.15384615384615385,0.5,84,0.45232941428828194
0.5034823546334729,404.4186019429576,90.53253339021596,0.11475409836065574,0.25,0.5,82,0.6694128817014265
0.016960474267899706,340.59834173507926,102.49324651665279,0.14,0.2608695652173913,1.0,82,0.18084841373318558
0.06731845905410516,350.4496204625052,52.74748758294445,0.17647058823529413,0.20833333333333334,1.0,84,0.2709017132779885
0.6712390524231734,416.0613599512029,78.28726623312984,0.12307692307692308,0.16129032258064516,0.0,85,0.8222835211911188
0.7522576542076449,360.441511029763,115.13531864567068,0.17647058823529413,0.4375,0.0,74,0.7997325710580754
0.5974510684648279,385.927025592623,91.16689870424425,0.2222222222222222,0.2,0.5,81,0.7433010808212912
0.41125534927657104,373.3524735009718,97.62180255642694,0.1896551724137931,0.2857142857142857,0.5,79,0.5755568369537979
0.08705605703019914,558.0280901379181,45.04433463504148,0.1568627450980392,0.375,0.5,74,0.029690403857156038
0.23266694625699635,579.3186238561642,67.42519246748972,0.14814814814814814,0.32,1.0,76,0.36227481683099455
0.14856292579443953,571.7621870393451,53.99066667466917,0.07692307692307693,0.32,0.5,78,0.3059621111275503
0.554878992253074,593.2505994589214,48.9858528396735,0.22580645161290322,0.3793103448275862,0.5,71,0.5535824163769046
0.25490169654154915,586.0377210802598,57.37596101249632,0.14814814814814814,0.34615384615384615,0.0,75,0.273680535381461
0.9772180477276216,621.1670108764599,50.06655012350431,0.19480519480519481,0.3055555555555556,0.0,74,1.0
0.19450518322077281,590.3329302456859,54.77232696154351,0.03773584905660377,0.2,0.5,84,0.32705245727921867
0.02110208240481093,555.7592734591364,52.49038716507579,0.2,0.21739130434782608,0.5,78,0.18200631807237103
0.3985716003641311,487.2042531507735,93.63754983112166,0.22413793103448276,0.18518518518518517,1.0,79,0.5742570122834093
0.6653658613029171,506.4476679876898,93.26271858530963,0.2923076923076923,0.16129032258064516,0.5,77,0.7937369141293412
0.45885008468052824,477.35532890399685,117.72740859338967,0.15254237288135594,0.25,0.5,79,0.6056121412954
0.8588812855127081,516.7929247226693,95.50951914185488,0.25,0.20588235294117646,0.0,77,1.0
0.933829680863283,482.9929346482248,101.58769270199116,0.24,0.2222222222222222,0.5,77,1.0
0.058455638280384026,447.2996645274412,97.27773557094022,0.18,0.08333333333333333,1.0,85,0.2646843759605309
0.4758929138887652,470.4831241664145,104.27997006084976,0.16666666666666666,0.2857142857142857,0.0,78,0.6340447353179028
0.8880174344843813,499.15540898508453,94.67409220115718,0.2465753424657534,0.22857142857142856,0.5,77,1.0
0.8041356662972434,427.33734742325,64.45708772493161,0.18571428571428572,0.3333333333333333,0.5,77,0.9592377556116949
0.08764687814346661,404.5418421125202,60.14129053068318,0.17647058823529413,0.4166666666666667,1.0,75,0.05534652424629745
0.37739265901204977,393.5998856785095,37.100485128684944,0.24561403508771928,0.4074074074074074,0.0,74,0.29837293027417205
0.7323869325042659,405.964464915891,52.73418954088398,0.1791044776119403,0.40625,0.0,75,0.712566339579608
0.9441153505333783,438.4662893361097,64.7750081642105,0.28,0.3888888888888889,0.0,72,0.9426431297607273
0.9169413006688895,434.0067274927361,61.69611200870814,0.24,0.4,0.0,73,0.9103870917874928
0.8129007748623283,433.2653594425909,60.468685035626734,0.2676056338028169,0.30303030303030304,0.0,75,0.8289844031507471
0.260940325593234,409.2621006760731,59.294726914956826,0.3148148148148148,0.4230769230769231,0.5,70,0.2238566123786014
0.04335985746601878,339.14883728827186,111.94689603053905,0.3,0.4166666666666667,0.0,71,0.03541520918726199
0.05008381361583791,387.2160490931213,103.4754464922176,0.16,0.5,0.5,72,0.056077481785079576
0.5732451962534887,431.0164088017285,127.53553747032888,0.3492063492063492,0.7586206896551724,0.5,55,0.6309333263540361
0.8326844392727085,355.07975082008466,96.327597128543,0.3380281690140845,0.5588235294117647,0.0,65,0.8040211100829218
0.3864946087276987,419.2097395194722,112.15074600599986,0.22413793103448276,0.48148148148148145,0.5,70,0.34635953832050126
0.5270055483120212,387.4680250089981,91.72034073055616,0.26229508196721313,0.4827586206896552,1.0,70,0.5028442336143539
0.5474093780729047,392.9963120189268,129.2187941283049,0.4032258064516129,0.5172413793103449,0.5,63,0.5975914839189856
0.7032339407340112,496.3493498396002,118.89229851736498,0.29850746268656714,0.5161290322580645,0.0,64,0.7644444788505278
0.5010985543077334,448.49984511371554,117.63312220252251,0.14754098360655737,0.21428571428571427,0.5,81,0.6491640314162725
0.32185048998367116,447.3921472215818,101.94223240073208,0.10714285714285714,0.19230769230769232,0.5,84,0.47756859897602977
0.9928602768299595,459.8281407210583,113.63613161436601,0.2948717948717949,0.4444444444444444,0.0,68,1.0
0.5234481084872453,367.7505101179934,72.36107599577862,0.14754098360655737,0.4827586206896552,0.0,74,0.44864513804415684
0.06185104947958997,421.06639435747564,106.04041196012686,0.1,0.20833333333333334,0.5,84,0.17637206229122981
0.034100219897428063,419.8753607619759,75.03810795189625,0.06,0.3333333333333333,0.5,81,0.2169038784887492
0.14347869220224763,384.5597341187872,101.3749242299782,0.09615384615384616,0.36,0.0,80,0.3246642899481415
0.6981307860981669,392.76511172851514,109.71604152779233,0.14925373134328357,0.5161290322580645,0.5,72,0.685394775173281
0.041997352724737036,443.05012137299923,143.35078556699128,0.3,0.625,0.5,61,0.047976010642461216
0.782988450960718,526.4747869964439,152.73025630840343,0.3188405797101449,0.7272727272727273,0.0,55,0.7953177193483951
0.8154219684790972,554.8267041118319,167.36752743264546,0.4225352112676056,0.8787878787878788,0.0,45,0.8424493839128744
0.049799772019979316,432.1602664246864,114.98662659739348,0.2,0.7916666666666666,0.0,60,0.10728926927246038
0.7454300432652088,497.42993410728576,105.99739535997277,0.45588235294117646,0.5625,0.0,57,0.7428719499900758
0.13654278496817895,443.5794279820657,131.52865321690294,0.25,0.64,0.0,63,0.15465237250195635
0.2079371311167001,439.5928549266428,136.7877446953039,0.25925925925925924,0.68,0.5,61,0.16963068655561306
0.4731457922866573,515.5474256265545,98.87210897221402,0.31666666666666665,0.6785714285714286,0.0,58,0.4506810872706189
0.21215486017573404,320.93614744031436,158.74779410286754,0.24074074074074073,0.64,0.0,65,0.27397513880255614
0.4330926926671741,355.6339387198854,122.42792616213166,0.3275862068965517,0.4642857142857143,0.5,68,0.377349682135372
0.7301336396102805,402.77941699334167,79.95005198867472,0.31343283582089554,0.5,1.0,67,0.8279891713140173
0.3117250043687788,348.3955165451758,105.08243346740662,0.16071428571428573,0.3076923076923077,1.0,80,0.4579658846042898
0.7308147321200402,359.15518675253867,92.95296397965389,0.22388059701492538,0.40625,0.0,74,0.6857609783368189
0.7436492923507081,362.6636473922226,108.43448581122608,0.3382352941176471,0.3125,0.0,73,0.7663735038343064
0.19471400676124562,332.91735465385796,90.97276486829458,0.1320754716981132,0.4,0.5,78,0.3497430596723156
0.38446499526865496,333.8701192389253,94.63475899283945,0.1896551724137931,0.48148148148148145,0.0,73,0.38626944367919636
0.3056913948168857,306.5013748113608,61.14381183704081,0.16071428571428573,0.19230769230769232,0.0,85,0.46331063196046246
0.15124951989151325,265.32520590572915,67.9755241295542,0.11538461538461539,0.28,0.0,85,0.2923094334731928
0.9366403909244767,300.6236764671659,70.98968629136857,0.2,0.4722222222222222,0.5,74,0.9519719180052222
0.5338140877098506,279.1949662198049,49.67828223311668,0.16393442622950818,0.2413793103448276,0.5,84,0.6609601468095632
0.7099609384605934,312.4789169668933,75.33103848566981,0.11940298507462686,0.3225806451612903,0.5,82,0.8252845158410019
0.22210276295737696,301.15248604320266,80.6236452915384,0.1111111111111111,0.36,0.5,81,0.394573148571596
0.035406557114343484,306.5806921581386,71.60645350371203,0.1,0.25,1.0,85,0.20944350915591894
0.12166711107490247,288.01854567698257,71.55126955119643,0.057692307692307696,0.20833333333333334,1.0,89,0.2531102417640697
0.5512474815693811,399.07282569553433,126.75025469302639,0.20967741935483872,0.27586206896551724,1.0,78,0.697637685795928
0.5364483359198425,359.3621644629143,122.55633470948776,0.14516129032258066,0.20689655172413793,0.5,83,0.6749302516651917
0.255589378866523,368.9984070571837,126.8382473502051,0.09259259259259259,0.2692307692307692,0.5,83,0.3961065999204047
0.28139544479454803,315.4688903164497,137.9048249840921,0.12727272727272726,0.2692307692307692,0.5,82,0.4234268268376384
0.8410270905397582,332.43596348446533,137.86207514219782,0.11267605633802817,0.35294117647058826,1.0,80,0.9977316551836815
0.5291969753295249,407.819816617476,114.81124694952491,0.09836065573770492,0.27586206896551724,0.5,82,0.701369937728406
0.3491203678457041,433.5198440132646,95.67822294883457,0.14285714285714285,0.25925925925925924,0.0,80,0.47563479455797897
0.8741376311291535,368.22684271385424,116.58215071904728,0.136986301369863,0.35294117647058826,0.5,78,1.0
0.2419834984966378,506.0922386937289,36.52008292972813,0.2962962962962963,0.5769230769230769,0.5,63,0.3309076550860712
0.3540828310372919,523.23158185485,37.76305975051366,0.19298245614035087,0.37037037037037035,0.0,74,0.37926648002798996
0.1645596301541039,492.3770666429116,42.17694999224886,0.19230769230769232,0.32,0.0,76,0.3200659869823157
0.33802790654458514,524.4878983667815,47.227996023322746,0.21428571428571427,0.37037037037037035,1.0,73,0.35464417106438906
0.12931787285945096,517.2946172053254,44.9656082922266,0.17307692307692307,0.2916666666666667,0.5,77,0.31610105451820647
0.2606898862442868,513.6832987013355,38.64634822786707,0.16666666666666666,0.4230769230769231,0.5,73,0.2991441242109786
0.9585852468062038,561.4963061823307,39.67038737422817,0.25,0.5,0.0,67,0.9833755002941089
0.5465071504161024,525.039448186728,47.234528393614674,0.25806451612903225,0.5517241379310345,0.5,65,0.5836307538073746
0.6974562530398094,344.34112782725856,62.64991133085914,0.1791044776119403,0.16129032258064516,0.5,85,0.8536105520042506
0.5977577250817561,346.09761098252636,59.499101505304736,0.20634920634920634,0.16666666666666666,0.5,84,0.7106009475637195
0.30314508156577336,340.72466258043835,66.19009104221396,0.08928571428571429,0.15384615384615385,0.5,88,0.4695310718402263
0.918439944615113,373.94336455421666,66.85897968731236,0.09333333333333334,0.3142857142857143,0.0,82,1.0
0.6047081403026763,357.51062732917086,88.35541616119437,0.19047619047619047,0.13333333333333333,1.0,85,0.7362605621289208
0.3682700108413439,314.28644611810137,59.16464956272574,0.10526315789473684,0.25925925925925924,0.5,85,0.5355239825397892
0.4778119361810568,356.71223598625295,69.26283023024803,0.21666666666666667,0.17857142857142858,0.0,83,0.6252307036685093
0.8430944663355098,339.64852595489606,73.62855293777352,0.22535211267605634,0.35294117647058826,0.0,77,0.9545110092675331
0.6389154913934502,425.2427403023706,101.17748596580505,0.09230769230769231,0.1,0.5,88,0.782164506485929
0.5027946953831854,430.1207447800337,118.86290059293152,0.03278688524590164,0.07142857142857142,0.0,91,0.6607616328897804
0.950033729051776,397.38837675339323,122.75997698465898,0.09210526315789473,0.19444444444444445,0.5,85,1.0
0.2970334841736153,414.61990118955947,118.3653063230551,0.07142857142857142,0.15384615384615385,0.5,87,0.4231838215544367
0.782583300689207,443.0246494956554,122.48001819767622,0.11594202898550725,0.18181818181818182,1.0,83,0.9303796822552972
0.5200303597213747,413.9116740919108,88.67083425219246,0.18032786885245902,0.06896551724137931,0.5,86,0.7014495834324544
0.12358069365470492,385.69008460920196,104.83192098518694,0.057692307692307696,0.041666666666666664,0.0,92,0.25391251285917005
0.8294153007705788,441.2339747321613,90.4266580820622,0.09859154929577464,0.14705882352941177,0.0,86,1.0
0.10736917077763208,422.34250853885186,154.56568694954004,0.09615384615384616,0.2916666666666667,0.0,80,0.26151612911347366
0.8186092257271673,430.5704566180255,148.65353646070773,0.3380281690140845,0.5151515151515151,0.5,64,0.7912725684292311
4.7209829221461774e-05,413.56238246368366,118.86660690744657,0.14,0.30434782608695654,1.0,79,0.0898297217841162
0.1719590138125976,459.35205903769247,114.52099301595324,0.1320754716981132,0.36,0.5,76,0.33010938625344594
0.03314010047040927,361.5357108932119,128.00789937100845,0.04,0.2916666666666667,0.5,84,0.15868466534234876
0.6533673977922597,473.4944829622611,184.67883030289426,0.2,0.3870967741935484,0.0,72,0.6696306671994043
0.29481150005793033,442.948683177572,152.27780200765392,0.125,0.19230769230769232,0.5,82,0.458271816583783
0.8576105853743231,465.6691155322932,125.70383763608014,0.18055555555555555,0.38235294117647056,0.0,74,0.8398570200382028
0.6282915638587668,464.87891039855225,51.78037971149555,0.12307692307692308,0.16666666666666666,1.0,84,0.7953146169142409
0.5862204843285147,456.4553130321556,51.33525742319964,0.19047619047619047,0.0,0.5,88,0.7477972273785625
0.36371051804894905,440.4812230705502,47.3934069464348,0.17543859649122806,0.14814814814814814,0.5,84,0.5141372890218555
0.43053497209833624,448.78692808668285,58.73710879823321,0.1724137931034483,0.14285714285714285,0.5,84,0.5898471838515187
0.9341685112192077,469.72197648139274,55.0323596194178,0.10666666666666667,0.2222222222222222,0.0,83,1.0
0.6749386252993443,466.65134336942634,47.58003369734068,0.07575757575757576,0.1935483870967742,0.5,85,0.8426381540424248
0.6082385377483513,431.8846250051956,47.3868655831209,0.125,0.26666666666666666,0.0,82,0.7378189320159194
0.7395732323373487,477.2545521906201,57.61880181682722,0.19117647058823528,0.09375,0.5,84,0.8456551394113689
0.0661637269812908,386.0839757809087,114.59733652104936,0.16,0.4583333333333333,0.5,74,0.04880024796480642
0.9019634827195265,348.78792236787376,99.43564761717262,0.21621621621621623,0.4,0.5,75,0.8686776793601955
0.2705659417110976,315.58411008773504,98.43133124042701,0.14545454545454545,0.4230769230769231,0.0,77,0.39650843653931483
0.26932582154517204,402.7711652710699,136.3314380126162,0.14545454545454545,0.6923076923076923,0.0,65,0.2854941170562527
0.6871647440037854,398.18970680894705,126.06664919280152,0.19696969696969696,0.3870967741935484,1.0,74,0.7269216869870639
0.329309412544202,343.4192533161297,91.10856857808608,0.17857142857142858,0.3333333333333333,0.0,79,0.49103849055269994
0.5666330897398639,396.33967462401966,84.56979439547374,0.12698412698412698,0.4827586206896552,1.0,74,0.6286867036884319
0.22658446056378934,378.66260983047744,133.77577016776078,0.2037037037037037,0.44,1.0,73,0.17657418199850028
0.4841848163846667,557.5405187805851,37.83373874955619,0.26666666666666666,0.42857142857142855,1.0,69,0.3456102808834688
0.5805058244571044,578.4281799936182,47.10756216757484,0.19047619047619047,0.3793103448275862,0.5,72,0.5231388587561822
0.1870071385875257,549.512769641455,52.028542224142576,0.1320754716981132,0.36,1.0,76,0.3521069119469386
0.22306313549190182,510.0860040275044,41.38002527537516,0.25925925925925924,0.44,0.5,69,0.26509530210059506
0.4583336429130501,575.1627955910817,42.234791014283644,0.2542372881355932,0.39285714285714285,0.0,70,0.4390795948786537
0.8712304710634182,593.3737023383179,54.67943813197826,0.3013698630136986,0.29411764705882354,0.0,71,0.8538579239472814
0.8955491984223145,614.8264455900381,40.696286627288416,0.3424657534246575,0.37142857142857144,1.0,67,0.9129851809864685
0.4544809405350898,558.6757151122046,46.39805327833246,0.22033898305084745,0.21428571428571427,0.0,78,0.6077300380006684
0.6030619463638701,351.8831141323,48.62127470033705,0.1746031746031746,0.06666666666666667,0.0,89,0.7252023389108694
0.684991815146954,370.88905389212306,58.67090641659136,0.10606060606060606,0.1935483870967742,1.0,86,0.8543244442963086
0.7248552262285245,353.1535027106724,61.60662363863538,0.1791044776119403,0.15625,0.0,85,0.8792471513435839
0.55737984149486,365.773042098308,46.192899739790654,0.11290322580645161,0.2413793103448276,1.0,84,0.6991141323760861
0.3243006642619931,341.06230458787013,48.95596468589903,0.14285714285714285,0.18518518518518517,0.5,86,0.468863817934633
0.7150529474613573,360.25307632103943,55.247518557256484,0.208955223880597,0.28125,0.0,80,0.8536333202549005
0.7777047243344744,362.35524798025773,63.09848161940093,0.2318840579710145,0.30303030303030304,0.5,78,0.9462676805028148
0.26894006383986413,346.173651545406,52.07093964220838,0.10909090909090909,0.2692307692307692,1.0,84,0.4431230644159932
0.6263751335895554,523.2765795006179,86.01973658118315,0.109375,0.26666666666666666,0.5,80,0.7906873857947568
0.8466505764833102,532.5750560137525,95.20917105741762,0.20833333333333334,0.38235294117647056,0.0,72,0.8675533644479548
0.756454601282506,552.6704348431634,71.50215243954491,0.11594202898550725,0.21875,0.5,81,0.8883617469855555
0.37658216617755524,533.3681274692526,75.5583551090239,0.17543859649122806,0.25925925925925924,1.0,78,0.5158209074173921
0.05814858635524345,527.1046834741312,82.39941040044047,0.12,0.25,0.5,80,0.22697751521618167
0.3338966512743162,480.3534748027323,105.20786220439646,0.10714285714285714,0.14814814814814814,1.0,84,0.49371915153887813
0.6475366827977042,528.085878627874,76.95394062893705,0.2153846153846154,0.4,1.0,71,0.6091802599855571
0.6376611751524021,553.7109520287711,68.02049942419606,0.13846153846153847,0.13333333333333333,0.5,83,0.8065421458460702
0.1564077482091144,311.43774995885906,40.60393869011883,0.25,0.32,0.0,78,0.29367621088030893
0.6865329847841087,312.5224687902205,59.57975147264349,0.2727272727272727,0.25806451612903225,0.5,79,0.8286065623859726
0.4716001930809426,319.12009346424975,73.62431941041925,0.25,0.32142857142857145,0.0,77,0.617483973092169
0.028896835426995948,311.02904033066426,88.16995741124137,0.24,0.30434782608695654,0.0,78,0.16358592835040545
0.27581318010003686,292.02814707939547,64.50857695882254,0.3090909090909091,0.2692307692307692,0.0,78,0.39215377502383025
0.32706958222753924,334.668820001052,84.34989717320641,0.17857142857142858,0.4444444444444444,0.5,75,0.3383951763497792
0.28761291456897486,321.02937459788944,52.033078040005215,0.36363636363636365,0.5,0.5,67,0.33979315470471894
0.11682037870423101,315.84895377626526,68.46331258473786,0.21153846153846154,0.3333333333333333,0.5,78,0.25296837701255115
0.8328352121596756,391.6080096366284,127.24517049495445,0.22535211267605634,0.5,1.0,70,0.8123907658729944
0.8127593380735346,452.88785387305194,110.57496718106016,0.28169014084507044,0.3333333333333333,0.0,72,0.8340889436431795
0.3005387500873611,366.1587990247685,113.30612879518459,0.125,0.34615384615384615,0.5,79,0.45584779637971135
0.6384060232904923,407.76431287250716,69.27359008125089,0.2923076923076923,0.16666666666666666,0.0,79,0.8016889346636416
0.009528906929563652,369.03087252668746,119.89424463463732,0.16,0.34782608695652173,0.0,78,0.22174945336630839
0.8760015516006445,447.68572695579763,146.1606375930551,0.3013698630136986,0.38235294117647056,0.0,69,0.9354164698721383
0.10385176943375163,360.177429086905,105.02239489201811,0.19230769230769232,0.375,0.0,76,0.24887861483465254
0.9066917669422779,380.26652791186797,104.98123933663739,0.2972972972972973,0.6,0.0,64,1.0
0.10481979131284092,490.723602720517,110.27863435563003,0.07692307692307693,0.5833333333333334,0.0,70,0.05389006236695906
0.36526645041562067,442.7315228544952,78.30369686634393,0.17543859649122806,0.6666666666666666,0.0,65,0.32157357149267785
0.34507508295979594,414.90300608830887,64.22096164181191,0.16071428571428573,0.6296296296296297,0.5,68,0.3694117445007437
0.773753659009039,513.980875875634,73.96286789842009,0.3188405797101449,0.6060606060606061,0.0,61,0.8254639969567958
0.1371389107626897,435.67013514352266,88.94564651797954,0.3076923076923077,0.52,1.0,66,0.18400104466084116
0.993229362224599,494.56771581149934,72.1751349425173,0.38461538461538464,0.6666666666666666,0.0,57,1.0
0.35897623901570297,477.02251530737055,86.55902480551352,0.3333333333333333,0.6666666666666666,0.0,59,0.35762343053657225
0.7033284224539696,495.11175421229666,69.86577133574163,0.26865671641791045,0.7096774193548387,0.5,59,0.6969293167732533
0.6764465336205184,462.5647713650893,77.80869491135711,0.19696969696969696,0.2903225806451613,0.5,77,0.850623260987866
0.13757976435639774,411.76046400491197,89.79702140266001,0.11538461538461539,0.2,1.0,84,0.2872966515893016
0.6349188772344233,466.23500635880526,51.27089394532872,0.1076923076923077,0.2,0.5,84,0.8005097388297826
0.7718565279037393,428.905009303171,74.91471235477073,0.21739130434782608,0.375,0.0,74,0.750565545278387
0.07961508991011457,382.58773378285133,60.01148953710811,0.17647058823529413,0.20833333333333334,1.0,83,0.26785177072028477
0.5129087921515206,442.62960476645554,89.13222627956945,0.22950819672131148,0.3448275862068966,0.5,74,0.5129848379450769
0.8532758119398373,453.7735912047422,86.67460699614253,0.18055555555555555,0.20588235294117646,0.5,81,1.0
0.909950975542311,471.5458812010076,65.02796052212872,0.22972972972972974,0.4,0.5,72,0.8805599519682605
0.7526593581749482,468.2594076366735,69.90545177204933,0.22058823529411764,0.1875,0.5,80,0.8937303086769526
0.2343170216985898,418.5601637924632,56.943502844729885,0.14814814814814814,0.15384615384615385,0.0,85,0.36978244544905114
0.38349062260755307,416.2176305049141,61.38633875645585,0.08620689655172414,0.2962962962962963,0.5,82,0.543877888064472
0.46646941132342445,406.82923809853736,60.82612193375339,0.2,0.03571428571428571,1.0,87,0.6217811281463467
0.8879594310665924,436.4613764401002,60.03690822637546,0.0821917808219178,0.2857142857142857,0.0,82,1.0
0.6724110600527531,419.1287546156634,56.12252316307814,0.10606060606060606,0.2903225806451613,0.5,82,0.830969916137521
0.4543051591896341,402.75522481446836,70.68123940066017,0.23728813559322035,0.25,0.5,79,0.625800583948385
0.8332170956268292,475.3317918789919,86.60661403674149,0.23943661971830985,0.2647058823529412,0.0,76,0.9809373364497779
0.13529328949922115,414.47798226873095,51.11804135166638,0.17307692307692307,0.08333333333333333,0.5,87,0.31645541404459476
0.06957272820423421,414.6194216254418,54.452720693286196,0.0392156862745098,0.0,0.5,94,0.2261290613576573
0.1162509051180467,382.64034368780415,45.32265384885249,0.11538461538461539,0.041666666666666664,1.0,91,0.2750453423473977
0.3665284759653953,405.1417944455852,47.48014244292061,0.15789473684210525,0.037037037037037035,1.0,89,0.4724037456415735
0.034071335956449955,393.24987785438935,47.319967273787434,0.08,0.041666666666666664,0.5,92,0.20576873938686724
0.7216197081560837,434.2991295054357,51.90128015511824,0.16417910447761194,0.03125,0.5,88,0.8306618491459333
0.7760979003606407,436.2814716428226,56.888557289148764,0.15942028985507245,0.0,0.5,90,0.8951281936594208
0.07405019413171587,400.5471794457157,32.398649316286594,0.09803921568627451,0.08333333333333333,1.0,90,0.205086619888888
0.310852557890667,333.58559654604767,109.29599811649328,0.14285714285714285,0.23076923076923078,0.5,83,0.4544708258150146
0.254253060788757,345.2988834185504,91.75381948947793,0.12962962962962962,0.2692307692307692,0.5,83,0.4200929276913625
0.3519030754936048,300.3201184681667,110.56406154398387,0.125,0.3333333333333333,0.0,81,0.5049173388441012
0.9335057783742648,351.5572452323496,74.21259848078272,0.2,0.5833333333333334,0.5,69,0.92203570187371
0.017216633181512897,304.9403746046106,95.90111775600431,0.1,0.34782608695652173,1.0,82,0.17301878725687886
0.7826414528334646,352.1022323252635,98.39817259103476,0.21739130434782608,0.5151515151515151,0.0,71,0.7120692301784234
0.21468911918780087,369.73570636100635,115.71176259934848,0.2962962962962963,0.2,0.0,78,0.36114100177944314
0.35638619007547256,366.74708893867484,70.00131893054613,0.15789473684210525,0.2222222222222222,1.0,83,0.530047873595287
0.08335803367151062,435.92987544019206,91.5945704086466,0.19607843137254902,0.125,0.5,83,0.24992604102993454
0.4654583775761383,468.4942157319691,101.65166634068251,0.16666666666666666,0.25,0.0,79,0.5932587327338759
0.3657184077579889,474.38792034571765,87.49532839897553,0.12280701754385964,0.1111111111111111,0.5,86,0.5430243630812311
0.6502199724762416,490.6952138756058,93.45593559257094,0.2,0.06451612903225806,0.5,84,0.802282574627853
0.8665580882250679,504.1325069452145,92.72921232109543,0.1917808219178082,0.29411764705882354,0.5,76,1.0
0.24841163743845585,443.5874749906311,75.76252383874883,0.2222222222222222,0.11538461538461539,1.0,83,0.4391318437959253
0.637487548116816,483.83018204869427,68.27877397050084,0.07692307692307693,0.26666666666666666,0.0,82,0.7996526385821516
0.39740781407095827,511.0577259975426,83.76386909010188,0.1724137931034483,0.1111111111111111,1.0,83,0.5461360208596057
0.48087607535245425,485.0813629766527,91.39511805356507,0.26666666666666666,0.42857142857142855,1.0,69,0.5157293227128922
0.4426991026969712,510.62022162817755,96.45446061304237,0.1864406779661017,0.32142857142857145,0.0,75,0.4327087780283037
0.8173225945479923,492.43684845584136,87.41324318642357,0.3380281690140845,0.42424242424242425,0.5,67,0.8277974060876163
0.3188753371098568,445.6122482825706,121.1260012328608,0.25,0.15384615384615385,0.0,80,0.4797770379549402
0.6883506280378556,504.655282750574,119.68735890481501,0.2727272727272727,0.3548387096774194,0.0,71,0.6156696641359078
0.561191767034815,467.8449394009681,115.6347698596012,0.25396825396825395,0.1724137931034483,0.5,79,0.7337169240023352
0.09940265823563077,474.030035882801,89.6822235398489,0.09803921568627451,0.375,1.0,77,0.24540835608533954
0.3717140686719693,476.9738121158796,101.8560136624679,0.15789473684210525,0.37037037037037035,0.0,75,0.45431943532784297
0.7685905639884056,461.3166055585227,193.87313776812005,0.34782608695652173,0.75,0.0,54,0.728821141422843
0.08419409026345293,348.34815590192846,141.57295874091932,0.3333333333333333,0.7916666666666666,0.5,56,0.13177037595905355
0.5810990045952281,429.13718912561524,137.36097031952576,0.3492063492063492,0.6551724137931034,0.5,59,0.5199833776517438
0.709888579177671,450.3612681167984,221.17067891440192,0.3582089552238806,0.7096774193548387,0.5,55,0.7085872720274357
0.9671927243174235,444.76297909499954,142.34437094696082,0.5714285714285714,0.8055555555555556,0.0,45,0.9515959957427894
0.8818267344941542,403.63799596616235,150.62139741962227,0.4520547945205479,0.6571428571428571,0.0,55,0.8450734550782151
0.30440934632766703,421.4899478595802,114.50329792032494,0.35714285714285715,0.8076923076923077,0.0,54,0.2526360835949865
0.8352825969680435,477.38912119403886,207.92972032123674,0.5211267605633803,0.7058823529411765,0.0,49,0.8853014044804413
0.9481490755780425,389.8930153023017,144.1240522289978,0.3684210526315789,0.3611111111111111,0.5,69,0.9877206149200274
0.5326676608744666,379.24127445791663,120.70232846259563,0.29508196721311475,0.4827586206896552,0.0,68,0.5220140636600276
0.6879769360319868,397.707720162011,118.92940069420273,0.21212121212121213,0.45161290322580644,0.5,72,0.6627369208231758
0.9343428764847157,348.5727828668786,141.63595972036924,0.2,0.4444444444444444,0.0,73,0.8959627409087222
0.7923587519466777,313.63617378396106,132.4048452303068,0.4142857142857143,0.6363636363636364,0.0,60,0.7842508156845759
0.015505009487129295,324.80904954981287,89.47956904641943,0.12,0.391304347826087,0.5,79,0.14359672574443264
0.47877163455092275,409.2377750252982,145.99450859424266,0.26666666666666666,0.6428571428571429,0.0,62,0.455528865967627
0.34046844175630486,313.61400712488336,78.94647634365883,0.3392857142857143,0.4444444444444444,0.0,70,0.3414987397578398
0.0210260601660045,366.09013082446535,56.770949841737895,0.06,0.17391304347826086,0.5,88,0.18680051003207543
0.08545745889630463,372.82142705265704,81.92095797477154,0.058823529411764705,0.08333333333333333,1.0,91,0.275925332547076
0.8031496363123867,411.9404873429001,68.1016279866439,0.1,0.09090909090909091,0.0,89,0.9935786259472161
0.08793098970427471,367.6477277138891,75.13272526559287,0.0392156862745098,0.041666666666666664,0.5,93,0.22677149670951874
0.07147160795158591,381.4283676185995,70.11321789906988,0.058823529411764705,0.041666666666666664,1.0,93,0.20089442730412316
0.4848328803581615,373.03059528545776,71.67633736471473,0.06666666666666667,0.25,0.5,85,0.6448091715257874
0.26210665167686,371.82553637614666,71.70058366258287,0.037037037037037035,0.07692307692307693,0.5,92,0.4006023364286997
0.5381438088549196,373.96634757965427,73.91299943032732,0.14516129032258066,0.10344827586206896,0.5,87,0.6975631724305743
0.41502124870996493,413.4446888135674,176.37692626065382,0.2413793103448276,0.6071428571428571,0.0,64,0.4221269250131578
0.9324542380662963,394.4350294769358,151.14274250182567,0.32,0.5833333333333334,0.0,63,0.9322780913596556
0.9577705025003712,467.8427606016058,141.6015907126467,0.40789473684210525,0.6666666666666666,0.0,55,0.9792745615199481
0.2881091347015847,446.6051281407519,97.96425163998535,0.3090909090909091,0.7692307692307693,0.5,56,0.32053243425405015
0.018132739165049316,354.4481940075683,148.27016452885795,0.22,0.6521739130434783,0.0,65,0.0
0.4336003514769675,507.09192135801493,133.2122491700371,0.3448275862068966,0.6428571428571429,0.5,58,0.5122656505130526
0.572321261548915,538.5617541054878,154.86711457513636,0.2222222222222222,0.5517241379310345,0.0,64,0.6214482528364195
0.888868545674155,448.4458394995319,129.60031719971948,0.3972602739726027,0.7142857142857143,0.0,55,0.7900692958886769
0.15090762727671447,560.9286380186788,185.4934989061011,0.28846153846153844,0.76,0.0,54,0.135807308666813
0.9190652186702755,641.4515701525039,242.24319695068453,0.4666666666666667,0.7428571428571429,0.0,45,0.9492089695454319
0.3338610391220641,650.6345326175726,136.86689927956937,0.23214285714285715,0.6296296296296297,0.0,59,0.3272911636791764
0.08760320183835335,705.7866179274772,72.52274715541606,0.35294117647058826,0.7083333333333334,0.0,52,0.055592836529533375
0.49811168629282976,729.5484986403874,125.6520641777705,0.3770491803278688,0.7142857142857143,0.0,50,0.4784147400345348
0.21463293077792445,571.2759786112471,147.71923202493682,0.3148148148148148,0.56,0.0,60,0.2818001730897977
0.5311754517496307,593.7466618120178,115.97611249214216,0.36065573770491804,0.6206896551724138,0.5,56,0.5023783950103332
0.8558705332582608,613.096997382128,141.25316189673686,0.4027777777777778,0.6470588235294118,0.0,53,0.8551355607244773
0.09387535058789742,469.46721826839786,191.17787551524978,0.13725490196078433,0.5416666666666666,1.0,68,0.08167820201512513
0.03474217541977298,492.3559336818542,168.67072360004101,0.14,0.5416666666666666,0.0,68,0.0
0.3851208122579346,467.20253767726336,228.75974510426673,0.2413793103448276,0.5925925925925926,0.0,62,0.45669783154155047
0.6561951981172588,466.4235173311758,188.91458009743405,0.3384615384615385,0.6129032258064516,0.0,59,0.6692784152892943
0.014377833984408839,532.8659952238672,191.32168134340216,0.14,0.5217391304347826,0.0,68,0.09255950829680772
0.5144063432090471,568.9383548502359,219.020795374321,0.19672131147540983,0.6896551724137931,0.0,59,0.5454767119720716
0.274595461081651,648.7236533810084,204.48199587444674,0.16363636363636364,0.5384615384615384,0.0,64,0.3267159288550729
0.1924773540107777,511.73955828417326,145.293826065794,0.18867924528301888,0.64,0.0,63,0.17935323447930956
0.2076766374135396,459.79864007518813,48.59970380574941,0.12962962962962962,0.16,0.5,85,0.32778133401971915
0.15127635000438033,399.87300037947557,59.09776567514074,0.15384615384615385,0.28,0.0,81,0.35077989771166085
0.6242971135048265,452.1068573573307,72.14648302223475,0.265625,0.23333333333333334,0.0,77,0.8353155871493745
0.8685302105770626,439.85682989145596,75.09617170003582,0.3150684931506849,0.4117647058823529,0.0,69,0.8710933081495712
0.4214382695560993,438.0835559650889,59.72030163378922,0.22413793103448276,0.2857142857142857,0.5,77,0.5277971457198587
0.29464205908103847,437.6898859522151,65.9401737712596,0.05357142857142857,0.2692307692307692,0.5,84,0.3915458812365369
0.239198684852569,421.825639521786,64.87919535879185,0.09259259259259259,0.5,0.0,75,0.25371130346750026
0.3970534149808044,438.5964030980719,53.797596834597144,0.08620689655172414,0.4074074074074074,1.0,78,0.54083375752621
0.7608921974676777,481.93494975858704,75.7241241755676,0.2318840579710145,0.25,0.0,77,0.9130138428132528
0.34902826711403023,436.7723649672242,80.94162665887156,0.21428571428571427,0.07407407407407407,1.0,85,0.5301882230243254
0.4625447173127071,458.7086510792563,80.617405301535,0.15,0.25,0.5,80,0.6387794839086794
0.4462165419215778,445.2587310282303,74.67456879493207,0.13559322033898305,0.21428571428571427,0.5,82,0.6067410900529165
0.4905411783569874,458.346367352326,79.68088522317046,0.18032786885245902,0.35714285714285715,0.5,75,0.446651492272397
0.5022076118640983,448.77690711554453,75.20605763393816,0.14754098360655737,0.17857142857142858,1.0,83,0.6455554205646918
0.6282981843149567,438.0945104602448,61.81341487442853,0.15384615384615385,0.3333333333333333,0.5,78,0.792663535026199
0.22729611047193998,436.7281287642595,66.36001323476034,0.16666666666666666,0.32,0.5,78,0.38609130643711786
0.12524801055455326,369.0974037876112,157.07795129468548,0.17307692307692307,0.75,0.0,63,0.1643548164145041
0.4162788627241377,344.60748212945015,96.38893552991745,0.29310344827586204,0.7142857142857143,0.0,61,0.43956404250542047
0.5693168991471703,406.27758931681257,172.9202395477472,0.31746031746031744,0.5862068965517241,0.0,62,0.5872126469671726
0.6843945950169571,510.764434979529,170.36537232389108,0.36363636363636365,0.7419354838709677,0.0,53,0.7153854687454192
0.21282452791836493,357.0369187041275,102.66895076655823,0.14814814814814814,0.72,0.0,66,0.22596287753139066
0.31534509439151315,389.333584303314,138.9383968244552,0.25,0.6923076923076923,0.0,62,0.274044987574844
0.6723444626402385,489.2113042167989,134.82991638007167,0.3484848484848485,0.6774193548387096,0.0,57,0.6660931094545495
0.4021243665026458,407.08462375407515,118.97831583819654,0.25862068965517243,0.7407407407407407,0.0,60,0.38763751046702305
0.3706131969108629,459.7790028681672,76.28708999914053,0.21052631578947367,0.48148148148148145,0.0,70,0.43184559669157746
0.2338243241363388,397.4087531607571,86.65529300412547,0.14814814814814814,0.4230769230769231,1.0,75,0.27527541681779466
0.3303643224147128,413.0544718823789,62.147229825752376,0.16071428571428573,0.3333333333333333,0.0,78,0.5283710914148136
0.1967840777352029,423.8747871799755,83.33212188767446,0.16981132075471697,0.32,0.0,78,0.34968652323785215
0.2723813617480326,403.01689913839084,74.57425810786621,0.10909090909090909,0.38461538461538464,0.0,78,0.38978930458774497
0.21916091443398666,367.7911321416272,78.43715915767226,0.2037037037037037,0.6,0.0,68,0.25242019258838616
0.6139921161163147,397.3079533899506,51.20763630617784,0.203125,0.3333333333333333,0.0,77,0.7858923772690395
0.2995591769977971,410.2823333008359,96.04244220965765,0.17857142857142858,0.4230769230769231,0.5,74,0.28044164989829357
0.5114473419546984,512.9842453230754,114.99884603867633,0.21311475409836064,0.4482758620689655,0.0,69,0.4882655319984845
0.0036828634488618173,484.7291118943565,71.80483755589916,0.16,0.34782608695652173,0.5,76,0.14002995444011485
0.2519295933542445,463.71599487979745,75.66286204977798,0.16666666666666666,0.38461538461538464,0.0,75,0.3108903685855914
0.5098387837552275,503.79832674756955,102.71387843099866,0.16393442622950818,0.39285714285714285,0.5,73,0.5279135070170629
0.011280948695762683,418.6474966630137,79.89617915301154,0.16,0.34782608695652173,0.0,77,0.14561324319377605
0.8583185223156768,534.4749229358697,89.08102788154552,0.2361111111111111,0.47058823529411764,0.5,68,0.818801919279672
0.639530286042393,507.24851833873265,99.59072918213265,0.24615384615384617,0.5333333333333333,0.0,66,0.6382421908153906
0.37246659589582,512.8023456756813,64.92408662906446,0.19298245614035087,0.4444444444444444,0.5,71,0.3560365859476341
0.3838444995816185,421.4719514971187,50.143853202505255,0.20689655172413793,0.2222222222222222,0.0,81,0.5096552995548255
0.9655735429707785,440.9231577964932,76.12785970760332,0.22077922077922077,0.2777777777777778,0.5,77,1.0
0.954345447298581,454.0335476376919,74.67497246482834,0.2631578947368421,0.19444444444444445,0.5,78,1.0
0.21572032799443763,402.89529413311,58.5852149158599,0.12962962962962962,0.12,1.0,87,0.38333829736550723
0.27297498860667857,430.4629866412558,69.25861632561593,0.2,0.23076923076923078,0.0,80,0.4590129970313537
0.8516981643977064,425.50330056246486,62.08899718300942,0.20833333333333334,0.4117647058823529,0.5,74,0.8515052130418962
0.208772708036981,394.06545137239317,54.17081277393994,0.2037037037037037,0.24,1.0,81,0.36353522591830845
0.240109254251765,404.519783708761,41.29298850762811,0.2222222222222222,0.19230769230769232,1.0,82,0.4074309221940526
0.4584918037915884,452.5853396098772,43.33674475105162,0.13559322033898305,0.25,0.5,82,0.5875418488111406
0.12430884365114969,426.6968553262149,35.18454918321411,0.21153846153846154,0.5,0.0,71,0.14693880606636478
0.9642498057797636,482.22935891448515,35.942951325293,0.2077922077922078,0.3611111111111111,0.0,75,1.0
0.9643899443030858,475.43397219415647,35.09477374737286,0.2077922077922078,0.4722222222222222,0.0,71,0.9545688857915662
0.6053733849736577,469.50426444918253,33.065686873327124,0.1746031746031746,0.4,1.0,75,0.6094839254534515
0.7997673767862538,477.5598069597962,37.923665554505604,0.21428571428571427,0.42424242424242425,0.0,72,0.8542464623785835
0.7300070548032225,463.5194656324089,37.75023634211777,0.22388059701492538,0.28125,0.0,77,0.8792633467050331
0.9734440339362822,479.2130964479287,37.880118119049115,0.33766233766233766,0.3888888888888889,0.0,69,0.9594624560481831
0.17881950358705156,347.8082390663046,67.86127251669846,0.09433962264150944,0.4,0.0,80,0.35411211516626073
0.0031800713481248133,353.0008418167662,54.09929110451335,0.14,0.34782608695652173,0.5,80,0.16391161337532084
0.8957273227673932,361.5671685798136,61.87548477465373,0.136986301369863,0.2857142857142857,0.0,82,1.0
0.9671995472755787,370.65029258534605,52.98126434111548,0.2077922077922078,0.3888888888888889,0.5,76,1.0
0.7308408639120417,363.295641531935,59.674722091061426,0.08955223880597014,0.34375,0.5,81,0.8710885929545108
0.48989903365746346,352.89724980694837,72.05087569914764,0.16393442622950818,0.35714285714285715,1.0,78,0.6389851733786196
0.24260512333890427,344.4327649537096,73.10638001467446,0.12962962962962962,0.23076923076923078,0.0,84,0.34535922889028337
0.0951022063374698,327.8946266123377,38.6013679124193,0.09803921568627451,0.3333333333333333,0.0,83,0.23897483776873849
0.23922032287939154,377.9796620905629,25.87230105483447,0.037037037037037035,0.2692307692307692,0.5,86,0.36633383637241657
0.0008930820490428149,366.5903862721005,34.43939864966218,0.04,0.0,1.0,96,0.17043019812055726
0.5989345047722784,394.80892704664717,44.04367943412852,0.1746031746031746,0.13333333333333333,0.5,85,0.7458424528389725
0.49604674425972395,397.4494767764149,43.4326091105645,0.04918032786885246,0.14285714285714285,1.0,89,0.6634247384601902
0.93319788783443,410.7938275646032,38.515044578310516,0.13333333333333333,0.1388888888888889,1.0,86,1.0
0.5029505653099964,397.9813585284118,53.12669785896335,0.03278688524590164,0.2857142857142857,1.0,85,0.6311272261402564
0.6306798176588683,401.8582828642326,41.05969726947371,0.1076923076923077,0.13333333333333333,0.5,88,0.7702487143881626
0.7761791090034145,401.9292119659315,33.681434163315394,0.08695652173913043,0.18181818181818182,0.5,87,0.9450237201283346
0.30212169735956196,421.65315961280334,188.53984781597597,0.35714285714285715,0.9230769230769231,0.0,48,0.29852158082545793
0.7412171754625083,256.3259988009053,102.25939107867327,0.35294117647058826,0.8125,0.0,57,0.8416425435543933
0.7213088799787698,285.9987170727184,107.06662759542054,0.5223880597014925,0.8125,0.0,51,0.6421346978026419
0.10741196061569935,354.6656335110327,59.793202559809934,0.23076923076923078,0.875,0.0,58,0.14655997595180548
0.673588037521129,309.9165031333096,158.92685917335143,0.5,0.8709677419354839,0.0,48,0.6899574425000503
0.8796228491473754,312.19263903794456,110.3581490768413,0.6164383561643836,0.8529411764705882,0.5,45,0.8525945656723537
0.9195156147363284,317.05924836699904,114.86205302309881,0.52,0.9142857142857143,0.0,46,0.8499640654230218
0.6926779306234606,366.93568412108857,156.41829932830004,0.4626865671641791,0.8064516129032258,0.0,51,0.6492728523737876
0.2349121569345224,433.7107067260819,63.348379243118536,0.09259259259259259,0.2692307692307692,0.5,82,0.3619546307456041
0.7380044085796028,437.1539915735571,40.610122829754815,0.22058823529411764,0.15625,0.5,82,0.914380035082806
0.5763801670754372,426.2501950155027,76.79260081666536,0.2222222222222222,0.3103448275862069,0.5,76,0.7198858408073814
0.09434332609389806,411.1576859472879,46.00247691716345,0.17647058823529413,0.2916666666666667,0.5,79,0.252686598436383
0.22705907123032865,403.1196237947955,41.38378758405005,0.09259259259259259,0.16,0.5,87,0.38017549103660714
0.8357252536523352,424.534774885225,45.871804591925695,0.15492957746478872,0.14705882352941177,0.5,85,1.0
0.06518961723349714,412.9708044953203,46.66787739657077,0.08,0.125,0.5,89,0.19806360574895007
0.9997777897962373,449.44246222508315,50.03962968335742,0.15384615384615385,0.21621621621621623,0.5,82,1.0
0.9059274147293807,486.1934698748959,88.33913649375596,0.3783783783783784,0.6285714285714286,0.0,58,0.9739984162273624
0.15476196998877811,407.2599182231449,125.96370502945022,0.3269230769230769,0.72,0.0,58,0.1920206995251567
0.47757867794362596,452.97090241553997,104.29167176205912,0.3333333333333333,0.7142857142857143,0.0,57,0.39767012424442194
0.7006000025545202,484.8506196122764,38.930463339409194,0.34328358208955223,0.7419354838709677,0.0,56,0.67804081164995
0.05748432415792526,436.1512289388277,113.5568386821318,0.24,0.75,0.0,60,0.1127954246237361
0.524900742669062,423.1853989201473,128.441076446924,0.3114754098360656,0.7241379310344828,0.0,58,0.5446119388107238
0.9370667113616342,463.8958021113552,90.34870564521937,0.4666666666666667,0.6666666666666666,0.0,54,0.9658109537527999
0.46968304578438214,387.38985161675606,75.26730395157819,0.31666666666666665,0.5714285714285714,0.0,65,0.4883048720239299
0.16279093664948685,453.34130249163513,57.1411404063167,0.34615384615384615,0.48,0.5,66,0.15677119713911133
0.9459486324070229,493.2795007639755,41.42105358734136,0.26666666666666666,0.3611111111111111,0.5,72,0.9804799608991972
0.06912242918397082,455.61437125699894,32.98931402747732,0.29411764705882354,0.3333333333333333,0.0,73,0.10347043519665966
0.3579624477770895,456.21046454318025,45.10014015602089,0.24561403508771928,0.5555555555555556,1.0,67,0.35169337080806
0.9263938866405134,501.94408675222314,29.62405442371199,0.28,0.42857142857142855,0.0,69,0.9524923214626109
0.5436317464754129,482.2725202488456,45.97180680961621,0.22580645161290322,0.5172413793103449,0.0,68,0.5304071590381668
0.5818640300722865,483.30603094681425,32.056096486725075,0.1746031746031746,0.5862068965517241,0.0,68,0.6015326230390485
0.5125745145950548,480.2788169014585,32.30624730462929,0.2459016393442623,0.27586206896551724,0.0,76,0.6830705019121062
0.6248273111850091,473.15954840265755,106.5652409698345,0.4375,0.8,0.0,50,0.5723050610082828
0.4853368280887522,359.759223804212,199.52162735580174,0.35,0.6785714285714286,0.0,58,0.4567210898597974
0.5696071340143589,547.1681045910775,246.48446406215947,0.47619047619047616,0.7241379310344828,0.0,48,0.5776358165682818
0.7924061734480113,477.6327272838542,221.85832364682003,0.4142857142857143,0.7878787878787878,0.0,49,0.8066346079481768
0.5054676114321435,282.8177505758256,154.32728710337747,0.45901639344262296,0.8214285714285714,0.0,52,0.5504407062178908
0.4512599101129131,435.87502373207036,163.85910806375492,0.423728813559322,0.6785714285714286,0.0,55,0.5118075423629623
0.5872408763647866,323.31330480602867,210.5718953521204,0.3333333333333333,0.7333333333333333,0.0,58,0.5736466843925483
0.5223961592740896,320.9080025778184,134.01218604766643,0.39344262295081966,0.6551724137931034,0.5,60,0.5027528482655628
0.7389588292709591,504.6900007708265,55.565913613482714,0.36764705882352944,0.6875,0.0,57,0.740873898094544
0.6329341915393509,513.0237112943329,75.05768006204922,0.3230769230769231,0.5333333333333333,0.0,63,0.6375663909118434
0.9670930713904468,558.4737290248661,43.59360324452192,0.42857142857142855,0.8055555555555556,0.0,50,1.0
0.014484178878052645,469.2264651859841,62.529434102397865,0.3,0.5652173913043478,0.5,64,0.0
0.8611857431216952,498.13745674909524,61.28139284716283,0.3333333333333333,0.7941176470588235,0.0,54,0.8871346914083055
0.43529319333224126,458.6258465186678,52.10327443950261,0.15254237288135594,0.7142857142857143,0.0,64,0.36786532469775024
0.43708996176274617,441.14764429263084,52.80855814290635,0.3559322033898305,0.75,0.0,56,0.4757207778148669
0.9222616339871261,562.1014456872392,41.33751109451643,0.3466666666666667,0.7714285714285715,0.0,54,0.8539308168927805
0.9538731767171462,489.1417162268855,97.69421903391682,0.4342105263157895,0.8055555555555556,0.0,50,0.9109961926015787
0.6738200902731379,468.82778940518864,93.51114673671289,0.4393939393939394,0.7096774193548387,0.0,54,0.6623560280848452
0.7418371238095108,453.5462533527175,60.568383213524186,0.39705882352941174,0.875,0.0,50,0.6960460994097464
0.7272831111660681,448.2375409222357,77.27806775625547,0.5373134328358209,0.8125,0.0,47,0.7509382275310019
0.5033642716363806,417.11011334054723,81.42040066533077,0.32786885245901637,0.7857142857142857,0.5,56,0.4985527417001432
0.9723406442673668,469.39608766938676,36.79044974764239,0.38961038961038963,0.75,0.0,55,0.988892549055258
0.06928360408867762,428.9663507307878,56.97961417321716,0.17647058823529413,0.75,0.0,63,0.06304644347101716
0.3359879900898882,455.395937039229,67.74066180012238,0.25,0.7407407407407407,0.0,60,0.4046442663986924
0.19072503388851436,448.3900637114774,204.477479444186,0.39622641509433965,0.72,0.0,53,0.2444476567812467
0.5963460501013234,472.4374804944494,204.4420111797216,0.4603174603174603,0.7666666666666667,0.0,49,0.5512725561415939
0.754767002314133,372.4409426463046,153.37230019093917,0.4927536231884058,0.65625,0.0,55,0.7456577611658728
0.6369689330234216,520.659773826304,208.55892880696385,0.4461538461538462,0.6666666666666666,0.0,52,0.6170754858145712
0.38376545937288264,384.57205568867414,129.62570773580256,0.3793103448275862,0.8518518518518519,0.0,52,0.4136778547852495
0.45139110646092895,415.72392719978393,181.4953322885267,0.4067796610169492,0.6071428571428571,0.0,58,0.38002868043587157
0.7404650202548597,389.5081820988003,169.20386685991593,0.4852941176470588,0.8125,0.0,49,0.7254856707463385
0.07155592868685978,360.8055333486994,95.80266252496028,0.29411764705882354,0.7083333333333334,0.0,61,0.025854512611726305
0.6037752031369611,488.698631041609,88.03143537392563,0.1111111111111111,0.3333333333333333,1.0,78,0.7551842013655992
0.6274154415704354,489.42761592932095,102.31246234963194,0.140625,0.26666666666666666,0.5,79,0.8099996918941795
0.02164342250903195,449.78243978214715,81.05409758953023,0.04,0.2608695652173913,0.5,84,0.17161726696041787
0.8285189559825124,494.2464763025819,101.389368167109,0.15492957746478872,0.30303030303030304,0.0,77,0.9676551220095502
0.0417797154760805,397.49339001255885,95.34015152883373,0.08,0.20833333333333334,0.5,85,0.19459034941250716
0.6812471479143701,516.4861936791987,131.14349024281816,0.16666666666666666,0.25806451612903225,1.0,77,0.7761945395367258
0.20645676324243312,452.32544025967525,110.6865986854527,0.09259259259259259,0.4,1.0,77,0.3352527402544597
0.8596789148606279,488.5442086770834,94.71306480999449,0.1111111111111111,0.29411764705882354,0.5,79,0.9877643943446668
0.015150637152770652,428.1453224672767,145.0363621901089,0.24,0.391304347826087,0.5,72,0.010691861249931092
0.5002380002727829,448.0533639300341,127.92891005619585,0.22950819672131148,0.35714285714285715,0.0,73,0.5194560810639793
0.06756716497079329,397.78043061460625,85.19147161581722,0.2549019607843137,0.5,0.5,69,0.10580543983575758
0.4019762092908451,427.7916797318713,95.06468819202671,0.27586206896551724,0.4444444444444444,1.0,69,0.36457037852400337
0.3742635749791067,383.2095435536325,123.17652023004253,0.24561403508771928,0.5555555555555556,0.0,67,0.4238588457168622
0.21574824911556745,432.335865777975,106.67740980629544,0.2962962962962963,0.24,0.0,76,0.37553173140188095
0.1291942780603641,442.9098401707169,102.91220460001885,0.3269230769230769,0.3333333333333333,0.0,71,0.0888317742560009
0.2523014157758626,462.85505355548503,85.54609515510411,0.24074074074074073,0.5,0.0,68,0.29198097695751624
0.21597445763582734,394.1858364305906,87.09238862407356,0.16666666666666666,0.36,0.5,77,0.40210335917765155
0.22860814847504807,404.109190373849,90.42178197408043,0.16666666666666666,0.24,0.0,81,0.3871749420715489
0.7805141492063066,390.13998757828745,81.4757328587157,0.14492753623188406,0.3333333333333333,0.5,79,0.9421970472792713
0.9202732385733737,391.75415473098377,71.41345376773748,0.36,0.45714285714285713,0.0,67,0.9164911973556324
0.5180135774814324,371.63949917653156,88.75369071685773,0.13114754098360656,0.3103448275862069,0.5,81,0.6603073575357096
0.9469776549163217,419.56143405288043,61.56537834393534,0.13333333333333333,0.3333333333333333,0.5,79,1.0
0.2788655970253009,431.8774830387115,103.86550474514283,0.21818181818181817,0.2692307692307692,0.0,77,0.4086353631079199
0.5480638870993205,406.41444841879587,61.79957932045027,0.1935483870967742,0.27586206896551724,0.5,79,0.7225280519666705
0.1376825116362862,283.9473047128694,63.153563629105044,0.07692307692307693,0.08,1.0,93,0.2789550093154719
0.8328164938698006,331.8396402848743,78.81027374232029,0.14084507042253522,0.14705882352941177,0.0,87,1.0
0.11473084655374288,282.44041003587387,58.69092306794724,0.15384615384615385,0.16666666666666666,1.0,87,0.24820265231749794
0.584591270821079,273.02263981221023,67.02537740552474,0.09523809523809523,0.23333333333333334,0.5,87,0.7175472026826312
0.8476227864658809,320.2146200225651,68.79921890101805,0.08333333333333333,0.058823529411764705,0.5,92,0.9861206336683322
0.027624972190729014,260.9867066152163,80.03639796405744,0.16,0.17391304347826086,0.5,87,0.17436944239643445
0.5409348060659558,296.80176589287726,64.87330951940815,0.11290322580645161,0.10344827586206896,1.0,90,0.6836595826198097
0.085460922278071,311.5640882282532,93.09697397690387,0.13725490196078433,0.20833333333333334,0.5,85,0.1919716293400749
0.6103665427010859,589.5341945826776,120.88247470339357,0.296875,0.6666666666666666,0.5,57,0.6334337480840427
0.39467024034725295,451.3316465012458,107.0736758466279,0.3103448275862069,0.6666666666666666,0.0,60,0.4456111521194467
0.7005596936531125,487.7720319899161,136.92040845548047,0.31343283582089554,0.5161290322580645,0.0,64,0.6882420138030797
0.7759308992711487,481.8543255649435,166.47852351722358,0.2463768115942029,0.6060606060606061,0.0,63,0.7415972996818077
0.6863197320626995,577.7875198823234,142.51016110119696,0.2878787878787879,0.7419354838709677,1.0,55,0.6937745947070978
0.44585173995074,542.5109783289489,162.98676148585307,0.2711864406779661,0.5714285714285714,0.0,62,0.3810170380192306
0.31205266495199024,435.6457542699947,134.87677879593988,0.26785714285714285,0.6538461538461539,0.0,62,0.2679016544601869
0.9182764401629447,514.6831228798649,193.26347203062068,0.37333333333333335,0.6285714285714286,0.0,56,0.8287608266666319
0.45806849231973623,296.76400222931267,72.36530694555357,0.3050847457627119,0.32142857142857145,0.5,76,0.575118415737381
0.5246805399571225,366.59487216645397,89.83288400315006,0.39344262295081966,0.3793103448275862,0.5,69,0.5753774477554681
0.3478768776280132,299.39266097118804,75.47675424718119,0.3392857142857143,0.4444444444444444,0.5,70,0.41259639260963193
0.42549232019897,368.84823660269825,85.23343862494772,0.1896551724137931,0.32142857142857145,0.5,78,0.547733862090766
0.5800860450496786,333.2457319731382,83.47126693592652,0.31746031746031744,0.2413793103448276,0.5,77,0.7412357346378261
0.7878824678096347,347.92470465578157,96.2430395575421,0.3188405797101449,0.36363636363636365,0.5,72,0.7210515145491829
0.02029522505088932,264.20124774246,67.14158891974955,0.2,0.4782608695652174,0.5,75,0.022621788303337605
0.12629720646274611,335.6181066178149,86.2130948669225,0.19230769230769232,0.3333333333333333,0.5,78,0.26401976675376043
0.74973288007119,441.1736487477727,128.06438581122498,0.22058823529411764,0.46875,0.5,70,0.7025793622461145
0.9949252926436672,508.53520267052215,106.75783150072216,0.2948717948717949,0.43243243243243246,0.5,67,0.9168913998832042
0.7397394119989789,454.3928303973649,127.46799529583325,0.27941176470588236,0.34375,0.5,72,0.740716934045845
0.08020131017371745,374.1803898776887,129.6922583543998,0.19607843137254902,0.375,0.0,75,0.12352416659468254
0.2721061528892921,398.2215744016436,146.44348141542116,0.21818181818181817,0.5769230769230769,0.0,67,0.32492209389712534
0.5118989430735408,462.1885419209843,122.06198399923467,0.39344262295081966,0.3793103448275862,0.0,66,0.4679468395504493
0.10694690384769223,392.72152480084804,87.43047966183349,0.3076923076923077,0.5,0.0,67,0.0938646414945791
0.9010975030264898,472.37774067208346,147.53100840360256,0.20270270270270271,0.42857142857142855,0.0,71,0.9507049469342841
0.059408197546951924,426.5780197806019,33.87507256594756,0.22,0.4166666666666667,1.0,73,0.03116521033563834
0.014529334785205572,418.2583721333494,32.78530149962646,0.08,0.34782608695652173,0.0,81,0.16681416304374078
0.3307098526955984,415.59908553093123,38.88310414961005,0.23214285714285715,0.2962962962962963,0.5,77,0.5011524160619856
0.23422885292664564,409.6767320965405,41.437434034647126,0.09259259259259259,0.2692307692307692,1.0,83,0.43773307218646273
0.6809554363264771,447.87889189590095,43.44018239486178,0.18181818181818182,0.3870967741935484,0.0,75,0.6736748156440361
0.8991608921642679,456.9727349591624,43.95068911454978,0.28378378378378377,0.37142857142857144,0.5,72,0.9541016383594886
0.8141694769851137,464.16497451408736,41.50418857868594,0.2112676056338028,0.3333333333333333,0.5,76,0.9468900323555514
0.21665506834932613,415.4491719034967,33.27608870055303,0.07407407407407407,0.24,1.0,85,0.35715920919077254
0.9530123472523272,469.681372690105,62.6846808347548,0.19736842105263158,0.1388888888888889,0.0,83,1.0
0.945360019172417,464.37400406275185,46.77264862274116,0.13333333333333333,0.1388888888888889,0.5,85,1.0
0.8985389013627374,456.64719276202965,55.589582893247865,0.06756756756756757,0.08571428571428572,1.0,89,1.0
0.2626801074654841,423.1302063571283,73.87644012406383,0.12962962962962962,0.038461538461538464,0.5,89,0.4565683439153846
0.653020935213741,433.0218833274873,58.51012175249707,0.18461538461538463,0.03225806451612903,0.5,88,0.8097053761590437
0.8278694791646746,459.81655908823285,53.19667728762383,0.18309859154929578,0.12121212121212122,0.5,84,0.9889728180857386
0.3247691642465538,426.85619820216647,57.525583900005536,0.05357142857142857,0.07407407407407407,1.0,91,0.44444095103146924
0.10531046746459372,411.9934716403692,49.32702349055622,0.17307692307692307,0.16666666666666666,1.0,84,0.2674062728140319
0.19519611543825233,462.5034016821323,51.815755533474906,0.20754716981132076,0.32,0.5,76,0.3618780615372649
0.6219799513333417,492.53700526908005,43.84959763505487,0.125,0.36666666666666664,0.0,77,0.7600939957533703
0.6912899347922083,511.5807763267421,36.14741684810979,0.24242424242424243,0.41935483870967744,0.5,71,0.6642101708349477
0.9855029377705966,528.5510581817866,40.016276948631024,0.21794871794871795,0.5,0.5,68,0.9500568184389381
0.4042998762787634,489.79869079977664,41.2355126015552,0.1206896551724138,0.48148148148148145,0.0,73,0.42252873698675564
0.17078405786732165,478.327788870023,35.5486033214182,0.1509433962264151,0.36,0.5,77,0.2858258615390812
0.3744526881907727,486.88035395239876,33.282848154081286,0.19298245614035087,0.25925925925925924,0.0,79,0.5109339598998048
0.3562326318630544,507.62962244494236,36.83135039346943,0.19298245614035087,0.3333333333333333,0.5,76,0.4895608563023341
0.5385372941853952,509.36981504445794,91.1093954610113,0.27419354838709675,0.4482758620689655,0.0,68,0.5761928642995854
0.2533680635626009,499.18846256177085,101.37192182642411,0.2037037037037037,0.34615384615384615,0.0,74,0.23181143079304486
0.6944074812433981,493.7012376918633,126.89879158736788,0.26865671641791045,0.4838709677419355,0.5,66,0.6881210710048735
0.24276650505324016,423.11576233793056,93.27257495426214,0.18518518518518517,0.2692307692307692,1.0,79,0.393660569678124
0.8453826082787468,546.657935869097,96.70759624432985,0.323943661971831,0.5,0.0,63,0.9124495893774889
0.9086994464328946,500.2150811160824,142.4595920250119,0.32432432432432434,0.42857142857142855,0.0,66,0.9304438073021788
0.9390659882076371,533.6268656470317,113.25652069131355,0.38666666666666666,0.4166666666666667,0.5,64,0.9638191059505755
0.9940273663415464,580.9151476715922,98.23783500288944,0.2692307692307692,0.4166666666666667,0.5,67,1.0
0.3790747214770791,202.31552966662173,78.6220866981201,0.24561403508771928,0.4074074074074074,0.0,76,0.5095643039769625
0.8423515474236333,258.938326049992,84.7278182718119,0.29577464788732394,0.5882352941176471,0.0,67,0.8994915674158261
0.0033133872473835035,286.0194543723252,107.75398511278584,0.18,0.43478260869565216,0.5,76,0.1312690952115564
0.02192680408605263,243.3891050094841,95.46421886415006,0.26,0.4782608695652174,1.0,73,0.0026595548321891975
0.3939323195553548,281.2939619248543,130.29060741319685,0.1896551724137931,0.48148148148148145,0.5,74,0.3888383224823772
0.4422020690235805,237.04771768914108,61.95213172217375,0.23728813559322035,0.42857142857142855,1.0,76,0.5842745129038773
0.28781613176701626,295.13595259796335,69.17701239442214,0.2909090909090909,0.5769230769230769,0.0,68,0.30728526427555014
0.18174228848491158,249.62652056833227,82.30227836583487,0.20754716981132076,0.52,0.5,73,0.17917115580209284
0.43650844156427726,347.9217295538932,58.61132724541267,0.06779661016949153,0.10714285714285714,1.0,91,0.5799786018428057
0.9820226623261704,368.3804022916954,69.29858348895206,0.1794871794871795,0.08333333333333333,0.5,87,1.0
0.7039987236141416,370.78008662527594,73.77042601873859,0.04477611940298507,0.06451612903225806,1.0,92,0.8614243591132932
0.3109279863048494,377.11519707388453,72.08148609618931,0.08928571428571429,0.038461538461538464,1.0,92,0.45449052406165896
0.4761052191011159,363.54627387808614,76.6033354838139,0.15,0.14285714285714285,0.5,86,0.6316533902516777
0.964070056863034,383.0970454342158,59.72604970503857,0.12987012987012986,0.1111111111111111,0.5,88,1.0
0.8605696649277076,396.26306319249323,76.84827992903655,0.16666666666666666,0.11764705882352941,0.5,86,1.0
0.45721417153743826,344.52282758046084,76.50935644869983,0.13559322033898305,0.17857142857142858,0.5,86,0.6387073995316589
0.11997601853631779,306.26617933818005,43.10177685052495,0.19230769230769232,0.875,0.0,61,0.09742234465430143
0.0835368621881235,330.66300078912093,42.30702698288878,0.3333333333333333,0.7916666666666666,0.0,58,0.04494220943896484
0.42321999891136264,309.0646353290472,21.856776664988892,0.41379310344827586,0.8214285714285714,0.0,55,0.47047717957194896
0.6130719878072383,315.45577684420044,41.21880512030032,0.609375,0.8333333333333334,0.0,47,0.6979019039698631
0.08507121069022161,297.08207022132564,33.686810173459286,0.35294117647058826,0.7083333333333334,0.0,61,0.16802022399103383
0.983530977034138,337.06972781358314,27.43896258468684,0.5641025641025641,0.7777777777777778,0.0,51,1.0
0.5395463960782039,300.1362893912951,35.28385428493819,0.5,0.8275862068965517,0.0,52,0.4762649297351269
0.5711465389003506,333.2221352592555,27.61157236846813,0.42857142857142855,0.7931034482758621,0.5,55,0.5863823398498058
0.6728560795241448,325.32370656391237,70.72425546864987,0.12121212121212122,0.22580645161290322,0.5,85,0.8424937341406065
0.2574306951579124,317.0223472050158,68.80278264226426,0.18518518518518517,0.34615384615384615,0.5,79,0.41111609116628245
0.6545160126021791,307.8420739253584,89.08958745134827,0.2153846153846154,0.2903225806451613,0.0,80,0.834652864829885
0.45132184388929586,280.09274613900226,109.22404502231569,0.15254237288135594,0.42857142857142855,0.0,77,0.5970192321137833
0.551316915700874,309.5158583665836,71.63481056692714,0.12903225806451613,0.3448275862068966,0.5,81,0.7370545153042629
0.44370744699117404,319.2049618354447,106.6859683821534,0.22033898305084745,0.2857142857142857,0.5,79,0.6114034943732569
0.20471875613217594,351.27428278624546,112.16535357602282,0.1111111111111111,0.44,0.5,77,0.33573475822788934
0.9468235670118218,330.3715106362039,85.94842070593774,0.18666666666666668,0.2777777777777778,0.5,81,1.0
0.1835704626339656,531.0541201501937,90.32984683510881,0.18867924528301888,0.04,0.5,85,0.336341408318886
0.38990657510345195,519.9566152701304,70.55988332243845,0.10344827586206896,0.2962962962962963,0.5,79,0.5308618417176292
0.9595038161179595,556.8519997932384,72.78258748342063,0.25,0.16666666666666666,0.5,78,1.0
0.9972450115260402,540.7432354710828,66.20255202938382,0.24358974358974358,0.2972972972972973,0.0,74,0.903360900923858
0.18996896640684058,478.04176178683764,76.41204063038352,0.07547169811320754,0.2,0.5,84,0.36925972620180947
0.22735514674139023,508.43211706645627,61.19620741428274,0.16666666666666666,0.16,0.0,82,0.41396326227646274
0.9546735249783204,522.7818080016117,65.8161004801108,0.14473684210526316,0.25,0.5,79,1.0
0.28410901363854,476.17353602590737,64.99631475544395,0.09090909090909091,0.34615384615384615,0.0,79,0.4171290659017883
0.598079341994024,554.9656542699337,47.209524353209154,0.23809523809523808,0.4,0.5,70,0.6237614438572922
0.5105532072546003,542.5357049695168,64.54318461656824,0.14754098360655737,0.5357142857142857,0.0,69,0.5469577031991558
0.9892365469240254,571.4677158654949,66.19652621481656,0.2564102564102564,0.3333333333333333,0.0,71,0.9882516871020808
0.5603988801805411,549.810022912244,41.65825105570654,0.25396825396825395,0.5517241379310345,0.0,65,0.5192957315690334
0.29109431968291943,548.2148256405641,53.94934372489368,0.23636363636363636,0.46153846153846156,0.5,68,0.2710929165575473
0.9818201228208365,575.2643208975854,51.89175391722128,0.28205128205128205,0.4722222222222222,0.0,66,0.9852846177233605
0.23261887098555245,527.845260500532,48.307649601525576,0.2037037037037037,0.48,0.5,69,0.2521197767111206
0.421913292194381,524.5168395433604,48.39886988460931,0.2413793103448276,0.35714285714285715,0.0,72,0.4612098051369024
0.6294903572890259,429.5497763265523,57.428810248234946,0.13846153846153847,0.2,1.0,83,0.7851101866388411
0.7706995567230701,455.2437254771811,64.52688333655136,0.2318840579710145,0.125,0.5,82,0.9322895218630125
0.6519694932222345,448.25159587211294,73.3433097862085,0.12307692307692308,0.16129032258064516,1.0,85,0.8224561992407174
0.6164030372427944,451.47015639203374,48.892196597211914,0.15625,0.13333333333333333,1.0,85,0.7748668159610241
0.6071765576567862,462.2847505718105,69.24840972342298,0.140625,0.2,0.5,82,0.7712457403148641
0.7173232448075453,465.6168417786349,59.89323240241285,0.16417910447761194,0.28125,0.0,79,0.8798783659486532
0.8442495197291002,464.20022499868895,73.00550012234635,0.19718309859154928,0.23529411764705882,0.0,79,0.9844831753457577
0.5514003846911474,433.34044422010186,66.71450635938542,0.16129032258064516,0.13793103448275862,0.5,85,0.6896893488026753
0.6792035097385722,425.68569545295344,137.91712636836837,0.42424242424242425,0.8064516129032258,0.0,51,0.5995358963528414
0.9255168239556865,421.3456467803838,96.16909335420873,0.49333333333333335,0.8285714285714286,0.0,49,0.909177791067081
0.16790558797922506,338.45821185959505,93.90487740367604,0.19230769230769232,0.56,0.0,70,0.20549536235519308
0.9247682894237031,422.4654073841169,84.95620162534466,0.4266666666666667,0.6571428571428571,0.0,57,0.910098548166415
0.9945035366888239,393.44476343374606,53.607224045442614,0.4230769230769231,0.7837837837837838,0.0,54,0.9845559976562972
0.8514411522139269,395.5804741199569,71.52169115223708,0.5,0.7647058823529411,0.0,51,0.8308987836920849
0.5344800066868486,416.6696249645127,58.74497203239923,0.3114754098360656,0.6551724137931034,0.0,62,0.4722154276838562
0.11265532028204417,390.1101223993093,60.657511649585025,0.25,0.6666666666666666,0.0,64,0.09765813014512326
0.6546392087129879,470.7038175957674,72.3139927380551,0.18461538461538463,0.0967741935483871,1.0,84,0.8360737627301854
0.16576082317197438,435.8033801066173,72.14600129877357,0.2692307692307692,0.08,1.0,83,0.32568417161360297
0.18477473695564717,442.83450817432214,78.36604065625052,0.22641509433962265,0.2,1.0,80,0.31354112923917604
0.37041188732814356,460.6570193512203,66.24157562162011,0.12280701754385964,0.2222222222222222,1.0,82,0.49185654143783064
0.5896551057729121,456.830325432601,64.44363290399819,0.15873015873015872,0.13333333333333333,0.5,84,0.7674754624986118
0.4726399903744576,455.8789319981487,71.63503862405028,0.11666666666666667,0.10714285714285714,0.0,87,0.6413778184887033
0.6694942590274324,467.6165570216285,67.9787298130661,0.09230769230769231,0.06451612903225806,0.5,89,0.8507402364824018
0.40882071955421495,475.3082058933622,67.33557769836789,0.1896551724137931,0.10714285714285714,1.0,84,0.5712516473193284
0.35198009499745286,354.73472776019327,98.22103211277435,0.3392857142857143,0.5925925925925926,0.0,64,0.34154839652945607
0.26706949669732294,319.0740711520903,130.43372379578085,0.2909090909090909,0.5769230769230769,0.0,66,0.26036385859569355
0.6711063872699018,331.70613354645604,80.56251619123368,0.3076923076923077,0.7096774193548387,0.0,61,0.659458982076817
0.8649914784401495,365.303960182493,112.72112983282163,0.3561643835616438,0.6764705882352942,0.0,60,0.8856646200161326
0.1362437224225539,343.6344105910499,111.04568917088969,0.21153846153846154,0.64,0.5,66,0.17868282274688466
0.507068217649553,387.4666361737764,115.93627115698065,0.32786885245901637,0.6071428571428571,0.0,62,0.48152441039237887
0.7912232407563258,416.19407554972344,110.5501868907454,0.2753623188405797,0.6666666666666666,0.0,62,0.7311742465683055
0.4082185904565071,344.86607811626675,110.4975131262639,0.3620689655172414,0.6071428571428571,0.5,62,0.4545943822778978
0.8793470320821989,422.4601633816994,70.45452436612801,0.1643835616438356,0.5,0.0,72,0.8473638490034838
0.4917033930694379,403.15536595954023,57.03723291615915,0.26229508196721313,0.6071428571428571,0.0,65,0.5066209000355745
0.28438528702436994,448.51708180813563,68.79880862563847,0.18181818181818182,0.5,0.0,71,0.32172732995190917
0.3357008554240736,437.4490114299152,80.52841438021692,0.23214285714285715,0.48148148148148145,0.0,70,0.3553644424880231
0.8582199334306958,464.0957023872852,115.62611016596334,0.2222222222222222,0.4411764705882353,0.0,70,0.8479264014740787
0.38272812054683214,458.57997753332165,72.48957093946838,0.2413793103448276,0.4074074074074074,0.0,72,0.32728170032715864
0.7234296820253424,431.8101492071462,68.96805515945688,0.29850746268656714,0.625,0.0,63,0.6839226400577628
0.9748710013407135,479.3340639622063,89.75291560857892,0.2597402597402597,0.5277777777777778,0.0,66,1.0
0.8844656891973672,475.80648863194756,71.79410531955281,0.0821917808219178,0.02857142857142857,1.0,90,1.0
0.11505530319758961,390.1035356780624,40.93863174188092,0.038461538461538464,0.041666666666666664,1.0,94,0.2883093677886539
0.10690515021082903,430.3761326675864,53.301676433935086,0.057692307692307696,0.041666666666666664,0.5,92,0.273546173654379
0.1433607993488254,404.98844867820975,58.05382330503797,0.11538461538461539,0.0,1.0,92,0.29964899461495853
0.9386027062204175,483.23971335235296,59.23713648394855,0.10666666666666667,0.0,0.5,90,1.0
0.7585459924674286,443.5561582432175,44.55696685542736,0.13043478260869565,0.0,1.0,91,0.9121102744898975
0.08259932628564393,422.33775544320906,53.45762790997713,0.0392156862745098,0.0,0.5,94,0.2594992130668698
0.5089556944633017,421.1447222479356,53.1693481948865,0.08196721311475409,0.03571428571428571,1.0,91,0.6573608657298893
0.8332233584283645,440.7661308824926,125.9027684670574,0.352112676056338,0.5,0.5,64,0.7887466533568191
0.942974839165653,427.1332844211599,106.09774713271008,0.32,0.4444444444444444,0.0,68,0.9399545355729187
0.2654348139756574,370.21479864080277,132.90764383138432,0.18181818181818182,0.6538461538461539,0.0,66,0.24634170263699764
0.3784203165145267,417.8684725691761,105.900490129941,0.17543859649122806,0.4444444444444444,0.0,73,0.4360245263392171
0.9536569801331674,418.5591886815996,93.5521981288223,0.2894736842105263,0.4722222222222222,0.5,68,0.9628892064727212
0.43907901495284574,428.216294027969,102.50016642283401,0.23728813559322035,0.5,0.0,69,0.42025993157015873
0.9046587216225336,411.2796969248648,78.75549551320162,0.32432432432432434,0.45714285714285713,0.5,68,0.9012952792094647
0.44673153842109636,393.76736955303164,118.62038987555877,0.1694915254237288,0.5,1.0,72,0.5007155673317785
0.11115678907424287,406.99805782466956,64.47078004872918,0.09615384615384616,0.4583333333333333,0.5,76,0.2629903585126098
0.11700706596743493,420.9110083603498,85.31698035046415,0.15384615384615385,0.4583333333333333,0.5,74,0.12015987553109189
0.5614572531421199,425.31146115791944,58.004283762386,0.2698412698412698,0.6896551724137931,0.5,62,0.5531521742684129
0.7357102506085222,458.5345037070406,70.00891735802938,0.20588235294117646,0.5,0.0,70,0.7622323426400001
0.6978553031775249,426.11852572730487,79.39501391863686,0.26865671641791045,0.3870967741935484,0.0,72,0.7129569446987769
0.6849694692215903,448.7742642138724,92.50591005265292,0.19696969696969696,0.45161290322580644,0.0,72,0.7242017421136007
0.8189092107146254,424.33816390908163,69.89729238426206,0.323943661971831,0.45454545454545453,0.0,68,0.7943503909305148
0.8747167818154099,457.42508047537115,53.83989649530632,0.273972602739726,0.5588235294117647,0.5,66,0.7773496742010017
0.8541659722116406,605.1567058516574,146.68437379573552,0.375,0.7941176470588235,0.0,49,0.8244428162326514
0.2706501631601914,534.54997956692,165.07437942965254,0.34545454545454546,0.5384615384615384,0.5,60,0.256421826638001
0.5273499908839009,573.14205469939,139.40963353814672,0.3442622950819672,0.6896551724137931,0.0,55,0.46050223389926276
0.9145351691545586,459.68158156544524,154.99019556540935,0.4864864864864865,0.6857142857142857,0.0,52,0.9605561345359808
0.4505584924077749,449.5836485092027,98.5526743472047,0.4745762711864407,0.7142857142857143,0.0,53,0.37979787533463044
0.3669440028096076,610.9297187773232,188.45590419878135,0.2982456140350877,0.7777777777777778,0.0,52,0.4191269371430257
0.8499320801179935,605.5988545267583,145.22950947361525,0.4583333333333333,0.7352941176470589,0.0,48,0.8689399406734165
0.9427596072064204,576.6252172323285,113.8396590941322,0.3466666666666667,0.6388888888888888,0.0,57,0.9441998760306043
0.8392124700325929,393.8774426599089,202.05009845600372,0.39436619718309857,0.7352941176470589,0.0,54,0.8564885100999551
0.6517181013494654,317.5198047520561,132.45317009482767,0.46153846153846156,0.7419354838709677,0.5,54,0.6996048805882801
0.9156152924906126,396.2013765326094,211.06453737284403,0.52,0.6571428571428571,0.0,52,0.9687853759762428
0.3413598092893023,392.2414295096139,122.09786125405374,0.39285714285714285,0.7777777777777778,0.5,54,0.3416850724153515
0.21275152791391394,408.1363007253292,139.56333745173407,0.4074074074074074,0.64,0.0,58,0.22568627229587357
0.6418891260112738,399.4477104146673,114.86794723683971,0.4,0.7333333333333333,0.0,55,0.5900658949788474
0.23013577871849145,460.62489203093475,243.11821250263526,0.25925925925925924,0.8,0.0,54,0.20201769384886376
0.21198875953123197,397.4877587426021,145.76521463470468,0.35185185185185186,0.8,0.0,54,0.14653181475653784
0.4448043701369925,412.85575594878344,47.001036488193016,0.1016949152542373,0.32142857142857145,0.0,81,0.5766172195143677
0.8031112576101208,452.6453799478041,47.05770059254471,0.2714285714285714,0.21212121212121213,0.0,78,0.9853686503144593
0.3569270193879608,451.1439318000322,57.59531016691581,0.22807017543859648,0.4074074074074074,0.0,73,0.283479363919965
0.36377789898117197,407.77982474875284,47.38652150970902,0.17543859649122806,0.25925925925925924,0.5,81,0.5203974981479791
0.2537110980346592,403.9681861778144,45.8095855112461,0.2222222222222222,0.15384615384615385,0.5,83,0.39374051822410283
0.6642152377501431,432.9462453582766,35.649945012334875,0.15384615384615385,0.3870967741935484,0.0,77,0.8445572126927086
0.5425744359809697,422.57218401969567,42.81175560804413,0.27419354838709675,0.41379310344827586,0.5,72,0.6032013085345534
0.23330987686418636,394.5763034160481,45.82618947666265,0.14814814814814814,0.2,1.0,84,0.3856225347497346
0.38439528679306756,461.2576028280514,133.78149430711994,0.13793103448275862,0.6296296296296297,0.5,66,0.4603173762143845
0.3630447180200712,466.28787247923174,67.21215470793025,0.2807017543859649,0.7037037037037037,0.5,60,0.33659737001852663
0.16010265931805134,440.17268786589995,76.12836463193484,0.15384615384615385,0.28,0.0,80,0.3154436006981748
0.10618245131015458,440.2907971079827,111.47748200509746,0.23076923076923078,0.4583333333333333,1.0,70,0.15201949085312813
0.7927771060158751,447.78691596136446,90.7245414462319,0.24285714285714285,0.45454545454545453,0.0,70,0.7528489673135815
0.41888121801749745,460.9739566807684,67.47237530078043,0.3275862068965517,0.5,0.5,65,0.3369954107504868
0.8109991810953824,453.28123045716467,89.88730879951488,0.22535211267605634,0.696969696969697,0.5,62,0.8409897898290966
0.9519186503646005,478.7022122590064,90.3655410819772,0.27631578947368424,0.3611111111111111,0.0,71,0.949779855930846
0.9487569396866965,521.7101610205362,71.1731259769379,0.14473684210526316,0.25,1.0,79,1.0
0.1255642752994468,453.8468871947548,74.20577957022844,0.09615384615384616,0.25,1.0,82,0.2798339672408549
0.3728291398568322,466.61436262302595,79.45313404416615,0.14035087719298245,0.2962962962962963,0.5,79,0.5348652176223052
0.8921585978733578,499.0368737968422,76.44771073591374,0.2328767123287671,0.22857142857142856,0.5,77,1.0
0.8756388103324022,473.51182176535934,84.64262325691708,0.2054794520547945,0.23529411764705882,0.0,78,0.9899129085297824
0.2403139148425547,444.0230141961926,77.30490064538402,0.07407407407407407,0.19230769230769232,0.5,85,0.36944345290252417
0.36714538120732276,459.24772400511796,65.34333665959721,0.10526315789473684,0.18518518518518517,1.0,84,0.5260660006716092
0.9048888507875938,473.7819510142232,77.60773377667935,0.13513513513513514,0.2,0.5,82,1.0
0.4374875956063975,458.5153752997323,144.600989276348,0.2542372881355932,0.4642857142857143,0.0,68,0.4885903639116022
0.510516053914428,397.4841365133159,139.77712113278696,0.29508196721311475,0.42857142857142855,1.0,69,0.49113469782628216
0.24398342968400966,441.94517636708116,108.29479629043153,0.16666666666666666,0.5384615384615384,0.0,69,0.31147073023593663
0.9394777761300473,439.9613724514754,107.60863232932742,0.3466666666666667,0.6388888888888888,0.5,60,0.9461314438067526
0.44342726445456737,442.8575955823028,130.37457110475899,0.22033898305084745,0.42857142857142855,0.5,71,0.4676745567501411
0.5686835601201101,455.5730571379593,130.4667084876366,0.25396825396825395,0.5862068965517241,0.0,64,0.5214515705366055
0.3650413404132077,367.1480999337049,131.39174339920632,0.2807017543859649,0.5185185185185185,0.0,67,0.3402468822972252
0.07704991555536056,394.7291799670933,134.33865571281837,0.27450980392156865,0.4583333333333333,0.0,69,0.0942788396368455
0.4552629772531621,420.40435263913156,120.54788791896468,0.2542372881355932,0.7857142857142857,0.0,58,0.5273870841218544
0.30347859970181135,460.063079798282,130.43007472556374,0.26785714285714285,0.7307692307692307,0.0,58,0.393092799632471
0.5844863908607759,420.78024501045735,118.23241988883213,0.3492063492063492,0.6,0.0,61,0.6056115056838338
0.033067973451222255,417.71367377495915,136.94687327831917,0.12,0.7916666666666666,0.0,62,0.0
0.8693756671041979,426.3515182433199,61.97758465904406,0.410958904109589,0.7941176470588235,0.0,53,0.9336106424699926
0.8490008398718981,422.0394272651044,75.61875064330071,0.5,0.7941176470588235,0.0,50,0.8423866173287528
0.05470611636370715,494.95610334834316,113.99432767870981,0.22,0.625,0.0,63,0.04428841245862046
0.9059199635316207,460.58666512797777,184.0405439575094,0.4189189189189189,0.7428571428571429,0.0,52,0.9065928815299461
0.6386346670237922,433.3649030221547,126.76939207574806,0.3230769230769231,0.4666666666666667,0.5,66,0.6805181633728702
0.8237626852590444,457.1918216559603,149.35466900289387,0.2676056338028169,0.6060606060606061,1.0,63,0.8553387490342362
0.4169351083829361,411.8215787358522,114.68754704733244,0.27586206896551724,0.6071428571428571,0.0,64,0.4793564844159915
0.620673718964351,410.1687701725461,100.65110853195131,0.203125,0.6,0.0,67,0.6462416113875078
0.13730153337061324,377.7275568359235,120.91878670128428,0.15384615384615385,0.52,0.0,72,0.15967289947469127
0.8829865570812248,420.66304075985346,134.13529026603325,0.2876712328767123,0.6,0.0,63,0.8447680620307179
0.9856036459704535,426.80720887477014,105.76438580119341,0.2692307692307692,0.5555555555555556,0.0,66,0.9639474830770406
0.12941910571057091,368.9033252100563,97.5027520769935,0.07692307692307693,0.4166666666666667,0.0,79,0.26758334582138904
0.47241859237204553,326.817011810001,99.47762111617948,0.2833333333333333,0.6071428571428571,0.5,66,0.5742652187474465
0.7328993700339828,323.941552090984,110.03245697585412,0.373134328358209,0.59375,0.5,63,0.6927681770474173
0.7078214111239601,326.89051918656435,141.8575924510458,0.31343283582089554,0.5806451612903226,0.0,65,0.7015606071619332
0.2571191158068642,423.467166971996,171.2284587816111,0.12962962962962962,0.5384615384615384,0.5,70,0.33386982849248653
0.7490018366632072,329.1585208892344,127.0311875904871,0.4411764705882353,0.5625,0.0,61,0.7267276657128103
0.7994464661940718,286.95169972401135,111.60111341521693,0.4142857142857143,0.5757575757575758,0.5,63,0.7752192344045205
0.022438424178080507,317.1412335521772,163.85232359153733,0.16,0.5652173913043478,0.5,70,0.0
0.011551240350734182,331.1849142804619,187.0987936289008,0.18,0.43478260869565216,0.5,74,0.04722788595649111
0.8844258619881087,321.4631719691218,108.61595517205966,0.3287671232876712,0.5142857142857142,0.5,67,0.9227560157946229
0.8809580391642924,328.7507924547291,95.95077707055313,0.2876712328767123,0.5588235294117647,0.0,67,0.8864500892297753
0.28877206593556215,356.4565165857036,171.99533742047632,0.2727272727272727,0.5384615384615384,0.0,67,0.3198859994821267
0.9368161981059427,302.363249804221,137.48428496711898,0.36,0.7222222222222222,0.0,59,0.9330511586943039
0.5918339250916056,276.7977710088968,111.50692434029786,0.3492063492063492,0.6,0.5,64,0.6178026231184585
0.6458445715392559,370.20180743520893,156.96013697026626,0.36923076923076925,0.7333333333333333,0.5,56,0.6629062943184407
0.6996638831691006,359.5454592797909,85.6133914253539,0.34328358208955223,0.6451612903225806,0.5,62,0.6857902730321749
0.2760882333466883,386.8544530986241,131.2676747122331,0.2727272727272727,0.7307692307692307,0.0,60,0.2856744912243083
0.519661491497845,605.503810056973,122.74507105634007,0.2459016393442623,0.5517241379310345,0.0,63,0.4885046124722053
0.6115867322380646,580.2937434333129,73.34080704896179,0.25,0.6333333333333333,0.0,61,0.5917905921224674
0.13303015384907002,499.7536598139876,95.01799820840581,0.11538461538461539,0.6666666666666666,0.5,66,0.12572887569061564
0.5911399140808798,588.5527362131861,94.73232936670885,0.2857142857142857,0.43333333333333335,0.0,66,0.5913150694196231
0.3871614691742745,542.9306319796882,135.88090107834628,0.15517241379310345,0.37037037037037035,0.5,73,0.4462117463397716
0.9983191262768706,543.6015971729297,117.52938243743804,0.4358974358974359,0.5675675675675675,0.5,57,1.0
0.4735016315989551,512.086440122348,136.371310519623,0.21666666666666667,0.42857142857142855,0.5,70,0.49857258662996745
0.06473974847211494,494.9064325812816,115.51662446853643,0.18,0.5833333333333334,0.0,66,0.044732832432629405
0.11382391983950846,258.57834988093146,152.30656098473185,0.25,0.5833333333333334,0.5,68,0.1534144538267488
0.35518604691180544,241.67861142209307,123.44939306783833,0.19298245614035087,0.48148148148148145,0.5,74,0.3618511378450541
0.7840002267049322,321.40739276327537,140.05326901995085,0.2753623188405797,0.6060606060606061,0.5,65,0.8193668200801743
0.11921215402254992,240.85174964435075,106.06344136564361,0.19230769230769232,0.4166666666666667,0.0,77,0.2566284648903405
0.9186653208545534,326.66272168176107,150.69315097911297,0.29333333333333333,0.6,0.5,65,0.9221405399177764
0.9830562192806964,333.5462096039998,117.69834100004564,0.28205128205128205,0.5555555555555556,0.0,67,0.9357365669251063
0.7599498714084149,319.5904221615841,120.62665487010342,0.2608695652173913,0.59375,0.0,67,0.688655692433917
0.29663499181604847,330.75767765688045,108.87089431297598,0.125,0.5384615384615384,0.0,73,0.2329605995379874
0.5494360354665765,588.3178005101483,32.67014568775408,0.43548387096774194,0.5517241379310345,0.0,58,0.5883225821453151
0.6571222243569568,586.1673247805586,30.169875756892264,0.36923076923076925,0.4838709677419355,0.0,63,0.6551418046999468
0.07945410495105387,566.6794813038345,36.51842312507044,0.1568627450980392,0.5,0.0,70,0.07788472261200119
0.08120454900273322,549.5730006150385,30.420149268478127,0.3137254901960784,0.6666666666666666,0.0,59,0.11273829513882055
0.38536485503938867,580.5980068835518,53.07935929605848,0.3103448275862069,0.8148148148148148,0.0,53,0.3317826373144531
0.22651399553432416,552.5631074289964,40.382069886017696,0.14814814814814814,0.72,0.5,63,0.2891327009244144
0.305863769173526,539.2705020869079,32.46245800526659,0.32142857142857145,0.6538461538461539,0.0,59,0.309789760301396
0.9361709421432431,598.368234542932,39.953954020857694,0.36,0.5833333333333334,0.5,59,0.9360994858656742
0.0979588579351851,451.25200043168115,88.02848807925432,0.13725490196078433,0.4583333333333333,1.0,73,0.09223312036627618
0.041875842689424125,419.0677157758729,85.67618287522085,0.06,0.6666666666666666,0.5,70,0.021957490947474893
0.7570631491808375,415.9289152541434,87.96002572772716,0.17391304347826086,0.625,0.0,67,0.7698068541497411
0.19255061759088365,397.4503898964116,74.710591597641,0.16981132075471697,0.56,0.0,70,0.2243061700420561
0.1099047967399518,384.8233282518635,61.285038590496995,0.17307692307692307,0.5833333333333334,0.5,70,0.06846077775216541
0.060624470852861045,397.60942651762406,98.1527554184769,0.2,0.4583333333333333,0.5,72,0.09632871385822972
0.4244115840646461,447.563131636661,102.29230605692472,0.1896551724137931,0.5357142857142857,0.0,69,0.4531788271216525
0.8104334532459792,409.36341006796573,96.60650294152127,0.3380281690140845,0.42424242424242425,0.0,68,0.830856363457869
0.41954582977608335,365.5319992603694,35.82127980209876,0.25862068965517243,0.2857142857142857,1.0,78,0.5659466576613321
0.8138602141978637,385.2500920665544,44.28237905633764,0.30985915492957744,0.36363636363636365,0.5,73,0.8172494651853858
0.07686160178735224,337.0274153737448,38.23089761479054,0.09803921568627451,0.3333333333333333,0.5,82,0.22479922365879765
0.1097252132641161,353.7163813143062,44.59953855067626,0.17307692307692307,0.3333333333333333,0.5,79,0.27180326494836254
0.8394001479980538,380.2925181911501,41.5764662476203,0.14084507042253522,0.38235294117647056,0.5,78,1.0
0.9732449238727028,385.07690418848557,42.91411092654153,0.2857142857142857,0.2222222222222222,0.5,79,1.0
0.8159471542108188,390.86774685102205,37.28013658585738,0.2676056338028169,0.36363636363636365,0.0,74,0.8202890805418755
0.31583694285001607,356.61486055449404,36.33686877087285,0.16071428571428573,0.23076923076923078,0.5,83,0.5051495219748734
0.6143967944558618,516.6381798591009,29.252177925315383,0.1875,0.3333333333333333,0.0,76,0.7597752162539447
0.8307966756815546,545.3431457165084,33.362702016902446,0.2676056338028169,0.5294117647058824,0.5,65,0.7962657311434389
0.7099730003956346,544.1288030590084,41.6459269138102,0.3880597014925373,0.7096774193548387,0.5,55,0.7320390424794849
0.6576716600263848,538.3743996068093,25.632461521196223,0.26153846153846155,0.3548387096774194,0.5,72,0.6207735462686467
0.2593968479857016,496.16371643750796,49.00076467265446,0.18518518518518517,0.5,0.0,70,0.2787990794274449
0.7490710867382417,541.2561340528227,38.38579341935004,0.22058823529411764,0.46875,0.0,69,0.7546001926114492
0.04279939553857548,500.7076235886346,20.26079094536686,0.16,0.4583333333333333,0.5,73,0.03297132333824975
0.8319342423091445,551.5769133672007,42.74074569232928,0.2535211267605634,0.5294117647058824,0.0,66,0.8819239005268912
0.5063382982414764,411.8727356039211,91.67930105778645,0.2786885245901639,0.6428571428571429,0.5,63,0.5860006407903957
0.41349659883678136,437.8914253508817,112.86626149688382,0.3103448275862069,0.5357142857142857,0.0,65,0.4052146418309345
0.32767487130138995,424.3813523156651,166.26953351774642,0.23214285714285715,0.6666666666666666,0.0,62,0.3533421356625646
0.3327814329803267,386.63794506922585,109.56428561662173,0.30357142857142855,0.48148148148148145,0.5,68,0.32744945328050507
0.9541100522657393,436.7332980736489,121.6315569439495,0.47368421052631576,0.6388888888888888,0.0,55,0.973421191565972
0.9523588184885574,420.59239636293637,92.6653619520419,0.39473684210526316,0.5277777777777778,0.0,63,0.9778724653058009
0.8563771987199228,454.12293488567553,124.51168037853155,0.3611111111111111,0.6176470588235294,0.0,59,0.8390090644417829
0.03319848987884211,386.0324353956001,124.33926357884253,0.24,0.4166666666666667,0.0,72,0.050694621907071566
0.7802405175015571,380.9217622258091,69.27511577261191,0.043478260869565216,0.12121212121212122,1.0,90,0.9085900428729422
0.5660326646683316,379.5442826429339,83.78807455976093,0.06349206349206349,0.06896551724137931,0.0,91,0.7243691154890117
0.5680725944742405,343.8609275918934,80.04492910692974,0.047619047619047616,0.034482758620689655,1.0,94,0.7209628105017897
0.7634915205896621,378.65640086899396,67.93047301491168,0.028985507246376812,0.09375,0.5,92,0.9111395068481503
0.7567746462352866,377.40730648896914,68.3060755583448,0.057971014492753624,0.03125,1.0,93,0.9580388648989151
0.23410246519766253,350.7182413873643,56.38133244904224,0.12962962962962962,0.07692307692307693,1.0,90,0.39834945366574803
0.18785227270092875,364.45048464050257,59.61911864451285,0.07547169811320754,0.04,1.0,93,0.35971047202586287
0.9384895017100091,385.5140405531108,56.79901154978477,0.09333333333333334,0.05555555555555555,0.5,91,1.0
0.029037676815689806,442.34966025498,71.78192211010958,0.16,0.13043478260869565,0.5,85,0.1789455892960838
0.444515111229855,425.81026673907706,107.89530801055699,0.1864406779661017,0.2857142857142857,1.0,78,0.6029559400291091
0.6229682595660306,469.9597023537498,131.88326409059945,0.15625,0.3,0.0,77,0.7753401047414569
0.7953869135188011,477.2193533828016,71.94226854505855,0.2714285714285714,0.21212121212121213,1.0,77,0.9144563611033484
0.7131916067797838,469.7680417656734,106.43184273614918,0.208955223880597,0.25,0.0,78,0.8548642686251667
0.8431596538314663,469.21872589438425,88.39062612409583,0.2112676056338028,0.35294117647058826,0.0,74,0.8014849608692461
0.8953868408258422,461.013952425354,109.30024372375556,0.1232876712328767,0.2571428571428571,0.0,80,1.0
0.9760599938274767,500.5496360523295,87.94126417459266,0.22077922077922077,0.3611111111111111,0.0,73,0.9443310478124152
0.2206033261276784,488.59032010211365,30.424709998951048,0.16666666666666666,0.16,0.0,83,0.3473255854883881
0.6799798568691372,535.8199967910057,39.39618523010458,0.19696969696969696,0.3225806451612903,0.5,75,0.6649472844101382
0.8320417724607688,525.7586679411677,36.806933196340005,0.18309859154929578,0.20588235294117646,0.0,80,0.9705207186180558
0.41947045877304745,500.9730206600614,39.64289673233855,0.06896551724137931,0.21428571428571427,0.0,84,0.5517363824890311
0.47150717233910855,508.67305573510623,35.15627064743277,0.11666666666666667,0.21428571428571427,1.0,82,0.6323507714400263
0.9413924433943005,559.7339213679568,40.86725182500622,0.14666666666666667,0.3611111111111111,0.5,75,0.9134612297181517
0.3128894326850311,506.62635295800334,43.40602244052795,0.17857142857142858,0.34615384615384615,1.0,76,0.455518005434739
0.5753300731951471,526.7553156124648,40.277117202205886,0.1746031746031746,0.3448275862068966,0.5,75,0.6080311310863223
0.856065730114254,445.88652492706785,37.91878759687205,0.2916666666666667,0.14705882352941177,1.0,80,1.0
0.1321567255268633,393.99795441183676,45.36117190246115,0.17307692307692307,0.16666666666666666,0.0,84,0.2317906742705837
0.40665760826173547,405.68018030582203,52.29728729445307,0.13793103448275862,0.14814814814814814,0.5,86,0.560336421203276
0.1276810084578326,405.74146286604923,44.535474774027136,0.17307692307692307,0.25,0.5,81,0.3229190874634963
0.05540330751073397,371.01722665951513,43.706026555699424,0.16,0.25,0.5,82,0.1594080055545487
0.786868091793141,434.746943384583,41.67134668827732,0.2028985507246377,0.15151515151515152,0.0,83,0.9212158296345152
0.9371022192836502,439.6809937662856,45.07352603979602,0.21333333333333335,0.1388888888888889,0.0,83,1.0
0.6744316170367288,439.4578211734169,44.96472576319235,0.22727272727272727,0.25806451612903225,0.5,78,0.8103046575533243
0.6677481133832921,527.4422518350764,133.64427189201268,0.24615384615384617,0.45161290322580644,0.5,68,0.6858841257195735
0.5628308484377835,470.53721362487767,188.16657111765517,0.31746031746031744,0.6551724137931034,0.0,58,0.592492668250652
0.9842287968677582,515.3406752543698,112.80091824600082,0.3974358974358974,0.6111111111111112,0.0,57,0.963102072307965
0.8399229690438553,496.72229908024127,132.4815449200557,0.323943661971831,0.6764705882352942,0.0,58,0.8235379588717152
0.03177484375858397,491.9347981579922,88.02844804486323,0.28,0.625,0.0,62,0.0404557027804105
0.6958709397725394,499.52483217673574,114.82610274357258,0.373134328358209,0.6451612903225806,0.0,57,0.724376080354356
0.13321284392628419,454.607842123102,148.91240526777563,0.23076923076923078,0.5833333333333334,0.0,65,0.053425808073862976
0.31885075236934834,573.191943575496,61.45754894256709,0.14285714285714285,0.8076923076923077,0.0,59,0.2727760246844191
0.9645476264983966,580.5698064196733,164.4273830688277,0.36363636363636365,0.8611111111111112,0.0,47,0.9811249260230878
0.019644459520239632,369.5250034262814,186.31124775136854,0.3,0.782608695652174,0.0,56,0.002669899669744718
0.3423987668023477,270.84196596959833,98.30761476104061,0.25,0.8148148148148148,0.0,61,0.41694909308216466
0.35628671087870945,442.8207363384824,178.17461794232278,0.2631578947368421,0.7777777777777778,0.5,57,0.3878641501593779
0.7308064973242993,452.77617138059753,195.39156609814958,0.43283582089552236,0.90625,0.0,46,0.6891838667165133
0.7412930220405352,395.43062355274606,201.1520443663018,0.39705882352941174,0.875,0.0,49,0.7276089305609669
0.8816802393057374,387.5760048051698,117.44421209686269,0.547945205479452,0.7714285714285715,0.0,49,0.9027228226807505
0.5631320772817017,350.62187631836605,168.85508542836052,0.3333333333333333,0.7931034482758621,0.0,56,0.573489599488942
0.3674044417223469,274.92205831136675,56.75866392431618,0.24561403508771928,0.4074074074074074,0.0,76,0.5179440376467943
0.450535152258119,301.1657913849664,58.102088302544466,0.3050847457627119,0.21428571428571427,0.5,80,0.5760867435222949
0.6755527678800386,306.80924314381076,61.89124415453289,0.25757575757575757,0.1935483870967742,0.5,82,0.8131866465515091
0.31144929248993436,287.155476264662,56.6610725849668,0.19642857142857142,0.15384615384615385,0.5,86,0.4478212767670937
0.7819891049273017,307.8494779875092,52.242697170670944,0.18840579710144928,0.30303030303030304,0.5,81,0.9446056589638019
0.20460748148380203,278.87929382911614,58.46061871499456,0.16666666666666666,0.24,0.0,84,0.37592421256220143
0.7601291251969927,308.37629981342883,56.35424547945799,0.21739130434782608,0.25,1.0,81,0.9055622515241296
0.29653321324774995,293.13923634194083,49.794575753959684,0.17857142857142858,0.23076923076923078,1.0,84,0.44215211019519635
0.3726510253700831,431.62260267689726,119.0527891194175,0.43859649122807015,0.8148148148148148,0.0,50,0.4521916167289641
0.7446486649626198,534.376379931219,107.41105021246675,0.47058823529411764,0.90625,0.0,44,0.6133569277171799
0.9576658395764743,499.0265457072692,156.17528498600763,0.5789473684210527,0.8611111111111112,0.0,42,0.7870477051388132
0.13929878790726846,510.71499397815506,107.33563733382904,0.28846153846153844,0.72,0.0,57,0.13377902813558595
0.16460730908871413,341.71635952131084,49.66641167388216,0.4807692307692308,0.88,0.0,50,0.13493304463957306
0.758581989768674,354.09441743403875,94.44984675143589,0.5507246376811594,0.875,0.0,46,0.7559254708154625
0.784945939637239,569.6801951027458,179.4679946221842,0.4782608695652174,0.7878787878787878,0.0,46,0.8579458647926174
0.812259127581679,488.83778652575836,75.50874845060646,0.5211267605633803,0.8484848484848485,0.0,46,0.8570268597550356
0.4908933437646349,366.2075899078566,83.41217494667059,0.45901639344262296,0.6785714285714286,0.5,56,0.473987622933779
0.8032579391911321,387.5594570454491,112.69985527572078,0.45714285714285713,0.7878787878787878,0.0,52,0.7712892719590752
0.31491523697150603,515.8827433759279,209.52841394701775,0.42857142857142855,0.8076923076923077,0.0,48,0.2720049451437541
0.431752330579142,299.43024216698365,71.11024473068618,0.3620689655172414,0.75,0.0,59,0.38055392229193374
0.6271993566539871,432.36645253572794,113.98074399368534,0.34375,0.6666666666666666,0.0,59,0.5645751427100176
0.4914114682947519,379.3425905603868,85.79777600068473,0.32786885245901637,0.42857142857142855,0.0,69,0.4507069387124327
0.08811068867099137,312.2331973678703,95.0294519831123,0.2549019607843137,0.5833333333333334,0.0,68,0.14245766272760885
0.6813136411061329,402.4471181400661,91.07085787283162,0.3787878787878788,0.7096774193548387,0.0,57,0.6608876176725695
0.13980666854253132,513.9648163823344,91.14025219394898,0.19230769230769232,0.24,0.5,78,0.2772235627892289
0.9700521479631179,574.1251772459743,88.38843234247942,0.18181818181818182,0.25,0.5,77,1.0
0.744322996676584,558.8572164726415,134.08519815412453,0.1323529411764706,0.40625,0.0,72,0.7348409506000833
0.08131862419864211,555.8274879784003,87.56730764971716,0.13725490196078433,0.20833333333333334,1.0,80,0.23120564314824632
0.13842917868860172,514.8092225167244,68.2907002329417,0.1346153846153846,0.24,0.0,80,0.27262628312281156
0.12801801424466897,566.0704197137304,80.23490144806775,0.17307692307692307,0.20833333333333334,1.0,79,0.2585809052237896
0.3202053734507678,547.728278641005,89.21543444344992,0.25,0.2692307692307692,0.0,74,0.3298468547285004
0.24791964926954313,517.2942532147061,98.17105910260783,0.12962962962962962,0.3076923076923077,0.5,77,0.39029452043944873
0.3858342029783829,372.6962748029766,73.0718066519389,0.27586206896551724,0.4444444444444444,1.0,71,0.3702417607438638
0.9223603188542083,433.30060687460644,118.71425210379046,0.26666666666666666,0.34285714285714286,0.5,73,0.9520472563527647
0.9712897962188887,434.8321691529254,93.65563015796455,0.37662337662337664,0.4166666666666667,0.0,67,0.9366648570547899
0.7124234965580548,382.0082670168569,106.66293209852361,0.22388059701492538,0.2903225806451613,1.0,77,0.8507732147393408
0.020149015687771832,375.4019841241366,116.78231378962157,0.24,0.17391304347826086,0.5,81,0.17836128291189762
0.15039609344834026,305.24277716329334,76.79225837327375,0.17307692307692307,0.44,0.0,76,0.32286070367687386
0.06875556522480764,333.8210320053577,94.40133018759315,0.1568627450980392,0.5,0.0,74,0.09526882576555279
0.5126217254576263,393.59472635637064,115.36479148156137,0.26229508196721313,0.4482758620689655,0.5,70,0.590265913026625
0.7490073709932458,362.3437155137308,89.42488904039786,0.25,0.59375,0.0,67,0.7034085577787506
0.9426641744592158,348.8437402191986,97.89419959992402,0.36,0.5555555555555556,0.0,64,0.9245560734817901
0.8797522203592617,342.55794291007777,105.09016997682637,0.4657534246575342,0.5294117647058824,0.0,61,0.9178661966726078
0.7625098379298214,352.310397524639,100.2145534123409,0.34782608695652173,0.71875,0.0,59,0.8100116141298296
0.7946560196431111,349.5386694389793,70.19376109669557,0.35714285714285715,0.5454545454545454,0.0,65,0.7518769462352765
0.940576777068536,374.11124487569447,93.71711728190006,0.32,0.5833333333333334,0.0,64,0.9316085019616717
0.6039858400894985,347.94369051940333,88.61889224114871,0.31746031746031744,0.6,0.0,64,0.6374773777109976
0.46373077269188057,369.63890874971395,100.95927665544937,0.18333333333333332,0.5,0.0,72,0.48125653783925826
0.3539890441372635,522.9801719524664,73.20178120363751,0.10526315789473684,0.4074074074074074,0.5,75,0.31525973656341677
0.42124561447906805,544.3564195768605,46.523505645569735,0.20689655172413793,0.21428571428571427,0.0,78,0.6036626216997591
0.5112857866538227,528.436635946666,65.21541712661733,0.09836065573770492,0.41379310344827586,0.0,75,0.4993308327270317
0.3026212896684891,517.55198467975,76.97980159829619,0.08928571428571429,0.19230769230769232,0.0,83,0.4136482015790626
0.3924528249154441,533.5763522654158,74.42210477046174,0.1724137931034483,0.2962962962962963,0.0,76,0.5094920114158192
0.10389491100884307,531.8436206393358,83.38846330611607,0.19230769230769232,0.20833333333333334,0.5,79,0.2480929118570669
0.22523356479335832,493.5101067657244,55.753049224557024,0.07407407407407407,0.2,0.5,84,0.3788984843646137
0.9234772558489154,555.890513144991,62.96582151706821,0.16,0.2857142857142857,0.5,77,1.0
0.20827627127758563,472.46670763330394,76.19742127151302,0.2037037037037037,0.2,1.0,80,0.3534388124121992
0.36318791028520536,512.8274034786723,60.70941910709336,0.17543859649122806,0.18518518518518517,0.5,81,0.49445258196641456
0.9437436931396506,523.3681203727335,79.26953029923519,0.21333333333333335,0.25,0.5,77,1.0
0.5816230575051795,496.1115858494258,59.66510710645225,0.12698412698412698,0.27586206896551724,1.0,80,0.75452439896599
0.5760616185804103,524.4565174122876,64.05212918534635,0.12698412698412698,0.20689655172413793,0.5,81,0.70399114624377
0.5238918400750335,480.26727763155134,74.72632748929664,0.13114754098360656,0.13793103448275862,0.5,84,0.6806945533490996
0.4405812064282728,477.70067737963876,86.82029508233049,0.3050847457627119,0.17857142857142858,1.0,77,0.592185752699636
0.07807914787934478,471.1556041244787,69.28480256561353,0.1568627450980392,0.25,1.0,80,0.20557098750474354
0.9444485947511394,547.0884333054431,127.94365904310845,0.52,0.8055555555555556,0.0,45,0.9930612822660276
0.4446724848395477,451.17339562008254,59.106277333145215,0.3728813559322034,0.7857142857142857,0.0,54,0.46539109554367575
0.265018460306053,443.51345867709324,120.54604376059598,0.3090909090909091,0.6538461538461539,0.0,60,0.2767371553415324
0.2651827434565459,462.8545607663692,155.0932510919978,0.45454545454545453,0.7307692307692307,0.0,51,0.2455384019720843
0.7628307244988505,496.88451457113496,82.23015852239688,0.5072463768115942,0.75,0.0,49,0.6868076539004921
0.11446065598635058,377.4046853922968,63.670942637397054,0.3076923076923077,0.75,0.0,59,0.13219768225548983
0.9664898830579352,448.03966574938204,47.28204057102263,0.5194805194805194,0.8888888888888888,0.0,46,0.9927884060819561
0.9593306214855889,483.3341341500982,155.99198250011173,0.47368421052631576,0.7777777777777778,0.5,49,0.9375007611346848
0.9721652889073316,506.93899064904707,82.6888420393398,0.2987012987012987,0.4722222222222222,0.5,66,0.9212663619758538
0.617528043401385,453.9635618572357,119.27840075387095,0.21875,0.6333333333333333,0.5,64,0.5885374450519922
0.40378549608173,489.43320146014923,84.36308856436642,0.2413793103448276,0.5185185185185185,0.5,67,0.40753112958162924
0.7750377709905218,485.7168582817196,112.3638134255174,0.2608695652173913,0.5454545454545454,0.0,65,0.7733559941725994
0.19440001991881983,392.94371861614906,115.98117431914088,0.22641509433962265,0.64,0.5,65,0.17741842067126404
0.2306528571583828,442.66241844873434,101.13861937759026,0.2222222222222222,0.56,0.0,67,0.17408290028777879
0.6299947667992081,473.6650166216882,83.09552489371316,0.4307692307692308,0.36666666666666664,0.0,66,0.6543256628999812
0.9861960445371556,502.62076039366576,87.94650744933698,0.3076923076923077,0.5,0.0,65,0.9999736868052845
0.6972486286165758,494.84306639521105,55.28406853335951,0.40298507462686567,0.6451612903225806,0.5,57,0.6250096886624954
0.9583127893897772,569.3969954244612,30.726801412242466,0.3684210526315789,0.8611111111111112,0.0,50,0.9647405483318543
0.767726688929603,544.5832700466806,67.36440150786287,0.37681159420289856,0.59375,0.0,59,0.7781488062722701
0.45081442076697964,483.91591095348605,45.81023875126084,0.3389830508474576,0.6785714285714286,0.5,59,0.45191782010312975
0.2203789747913073,494.1843080573455,57.40588981097392,0.24074074074074073,0.6,0.0,64,0.2051915160775845
0.5811978267604686,545.3878456774333,53.7253312615747,0.3968253968253968,0.6551724137931034,0.0,56,0.6665084620112371
0.7051439553864325,476.7853120341937,29.334451896535334,0.417910447761194,0.6774193548387096,0.0,56,0.6696988887430566
0.3125019162365099,538.0904908910136,42.65265150655783,0.26785714285714285,0.7307692307692307,0.5,58,0.30821410214675143
0.048034478369946565,445.07963194787504,150.0,0.26,0.9583333333333334,0.0,51,0.09277433163066276
0.6564313276179761,351.5705033789257,204.29093693492732,0.49230769230769234,0.8709677419354839,0.0,47,0.6603784588389107
0.10853118941558548,241.86478313828945,112.00296189498994,0.36538461538461536,0.8333333333333334,0.0,56,0.06331520695885741
0.8701797317337677,400.8421466263737,169.9249484761354,0.6027397260273972,0.7941176470588235,0.5,45,0.8645918257001775
0.7366073487026202,267.1284086563439,143.74248561099225,0.38235294117647056,0.8125,0.0,55,0.7870385489324283
0.14175823927863895,382.5956137286363,181.8946781542952,0.36538461538461536,0.84,0.0,52,0.11378636701782725
0.628986977907132,366.69815039504454,217.43835093762485,0.38461538461538464,0.8666666666666667,0.0,50,0.5664068935866771
0.9573279739452215,343.3642752939237,127.32993617354128,0.5657894736842105,0.7222222222222222,0.0,51,0.9501778235778161
0.07606938254902307,518.5275391286214,101.8237738624025,0.23529411764705882,0.3333333333333333,0.5,73,0.016766887479570183
0.3930522319672234,567.9781707916732,109.00698326633187,0.13793103448275862,0.48148148148148145,0.0,70,0.40961050010513356
0.005149123900252572,514.8015585995017,68.00631815470365,0.1,0.5217391304347826,1.0,72,0.041874377203987026
0.7980616294067185,607.7902810748741,93.73875768267261,0.2857142857142857,0.5757575757575758,0.0,61,0.802455951071076
0.9909618421759712,582.2256285525978,135.90325191246882,0.3076923076923077,0.6388888888888888,0.0,58,0.982580192476177
0.1818550254419231,573.8450938293879,77.860018233891,0.22641509433962265,0.48,0.5,67,0.18419095734951485
0.07231427177993832,513.4341353376816,88.92308725984076,0.21568627450980393,0.4166666666666667,0.0,71,0.06030290930585705
0.022301500124081386,545.6057670258355,76.95623378029578,0.14,0.43478260869565216,0.0,72,0.0
0.12588616109245565,445.7664522354423,65.94942236643651,0.3269230769230769,0.5833333333333334,0.5,63,0.1528362544752684
0.6167049964670286,495.93615803853834,63.41527548605721,0.34375,0.5,0.0,64,0.6199262813357374
0.8803853294487477,488.80172201063067,64.95658723261427,0.3150684931506849,0.38235294117647056,0.0,69,0.8874733665005825
0.3047165866068283,463.52100557324917,77.7634183513437,0.3392857142857143,0.5,1.0,65,0.3202928033915646
0.5929499760698216,446.7829144106895,66.2913183129443,0.38095238095238093,0.4666666666666667,0.5,65,0.6395439893306217
0.12737888085501647,436.68258437470655,66.1272903689206,0.25,0.5,0.0,69,0.1689332541755011
0.6239826393021813,452.12852223604096,75.09740249760357,0.28125,0.6,0.0,64,0.6044135991869659
0.16941322451344643,421.61462685664907,54.479434227573414,0.2830188679245283,0.52,0.0,67,0.17357349023489455
0.6741789820041638,361.4808044851447,100.11321249759585,0.3333333333333333,0.6129032258064516,0.0,63,0.6496447451652136
0.7000761304147973,370.998412967648,99.0842964152237,0.29850746268656714,0.7096774193548387,0.5,61,0.687590914357779
0.833714457991176,436.6560296043448,57.28590558273328,0.30985915492957744,0.47058823529411764,0.0,68,0.8306069390370513
0.41534966876986434,368.8853079996254,86.04700194496512,0.3448275862068966,0.4642857142857143,0.5,68,0.47419578527369527
0.8443338260902923,351.88521680640383,71.17664172176961,0.352112676056338,0.47058823529411764,0.0,68,0.8049692847738148
0.6790236602764979,396.43429150663485,76.22968341928286,0.4090909090909091,0.6451612903225806,0.0,59,0.6626837489168339
0.15175001371629326,386.25916189592766,64.25757650178076,0.25,0.4,0.0,73,0.1304717579163941
0.4875461042680852,408.9562133527046,90.7257955752533,0.2786885245901639,0.5357142857142857,0.0,67,0.42080164083833604
0.30404410790023273,228.61492134083102,86.96443218167596,0.25,0.38461538461538464,0.0,76,0.43887757422020474
0.9813102698661748,333.2389272236442,138.1152234895051,0.21794871794871795,0.6944444444444444,0.5,64,0.9771414018374021
0.9273573919253635,285.54168087414206,95.88152832837157,0.30666666666666664,0.6571428571428571,0.5,64,0.9329328305450383
0.6574694252028591,260.78827849457144,102.10898608677643,0.26153846153846155,0.3870967741935484,0.0,75,0.7267644723862505
0.9010804243095988,321.4629162930156,105.70259915334537,0.527027027027027,0.5142857142857142,0.5,60,0.8403881644659226
0.4138295534176525,247.06613264866368,67.57680475965766,0.27586206896551724,0.5714285714285714,0.5,69,0.43073971387815474
0.6165418850616528,224.81287488185868,115.82775008826154,0.265625,0.6666666666666666,0.5,65,0.5952410537980735
0.1624753906837496,252.24289452931177,101.11665400558115,0.1346153846153846,0.32,0.5,82,0.3527637128538799
0.8863103212732892,534.307491745952,149.3002369361066,0.3424657534246575,0.6285714285714286,0.5,58,0.8029365479333176
0.40114200451415316,529.9946468025515,74.84167370466503,0.3620689655172414,0.5925925925925926,0.0,59,0.3680772426411686
0.3840751644718967,480.15634389736783,89.7184078192863,0.3448275862068966,0.5555555555555556,0.5,62,0.36607770705678194
0.5120208288333931,454.7705534816008,128.33935557837853,0.3770491803278688,0.6551724137931034,0.0,57,0.5980869375727836
0.10346682292502274,501.99649538263526,125.52437788551121,0.25,0.625,0.0,62,0.071191236981484
0.4665206035373297,570.0700811278855,147.6819459980976,0.26666666666666666,0.4642857142857143,0.0,65,0.49155571933295705
0.6245705499368085,504.9899234457537,137.44662321564277,0.375,0.7,0.0,55,0.637493260856358
0.842098787517755,464.81436342849656,121.19133008765672,0.323943661971831,0.6470588235294118,0.0,59,0.812295460979156
0.9890376467579453,454.6013982197361,87.08817805721436,0.2948717948717949,0.5277777777777778,0.5,65,0.982967685631976
0.33797913065775087,425.6341628502686,67.74434366545299,0.14285714285714285,0.5185185185185185,0.5,72,0.3624443871587507
0.14952675137382243,434.0406793784078,96.08302619124126,0.057692307692307696,0.36,0.5,80,0.29071600939179065
0.11548327401615865,457.69968506448424,79.9334227435164,0.07692307692307693,0.4583333333333333,0.5,76,0.27072337461810736
0.23898234485626713,496.0740372085269,68.82080120440747,0.1111111111111111,0.46153846153846156,0.5,74,0.2388383754109396
0.6232086636497501,503.7451140859149,89.82117656087844,0.203125,0.4,0.5,72,0.6385067236382768
0.40453606293967537,442.70999591266724,63.924296089508466,0.1724137931034483,0.3333333333333333,0.5,77,0.54194234656481
0.6400078071145936,481.2918315609545,76.62660291432613,0.2153846153846154,0.43333333333333335,0.0,71,0.5835983182724058
0.3776222994793178,476.7814414112463,34.28463460184895,0.15789473684210525,0.25925925925925924,0.5,80,0.5292143886557527
0.441778274796079,485.0393598611081,38.47277950392279,0.15254237288135594,0.25,1.0,80,0.5741072656700907
0.2805710831958267,480.4684902173864,41.85505549887894,0.12727272727272726,0.19230769230769232,0.5,83,0.45683037313516806
0.09326600063807322,454.72189429579726,37.52939285301831,0.11764705882352941,0.08333333333333333,1.0,88,0.2874454427549912
0.2355855303580704,468.51471030785797,37.07593491339878,0.18518518518518517,0.2692307692307692,0.5,79,0.40919261929708795
0.18951880200126514,465.76170603165,53.40952040441919,0.11320754716981132,0.2,0.5,84,0.35692858347290257
0.8621207571259822,508.3191495930316,36.636034640013136,0.16666666666666666,0.2647058823529412,0.5,79,0.9678209129516605
0.40217469839119724,472.47113297478575,26.664926188667785,0.15517241379310345,0.25925925925925924,0.5,80,0.5658491585381527
0.3896818931430075,425.0940212943357,137.89195309798848,0.22413793103448276,0.5185185185185185,0.0,68,0.372191482496695
0.023628981157697848,389.0282534862613,141.43795639500067,0.24,0.6086956521739131,0.5,65,0.048419025980531785
0.256925041365366,436.15711916482576,166.96483646317495,0.2962962962962963,0.6153846153846154,0.0,61,0.25053591082118476
0.07062973695358765,478.48132228789945,170.3143123863139,0.23529411764705882,0.5416666666666666,0.0,65,0.10271509656494371
0.6716801546576049,449.23729895181754,138.88684474893455,0.3939393939393939,0.6129032258064516,0.0,58,0.6477924203799627
0.5764461628384959,474.7142130292312,92.74242756999335,0.25396825396825395,0.5862068965517241,0.0,64,0.4646716293682629
0.47726295696041166,434.9126174639064,111.05703633562237,0.3333333333333333,0.6428571428571429,0.0,60,0.46553708181622794
0.08795908654504303,380.362327540682,111.4930662433428,0.23529411764705882,0.75,0.0,61,0.12948621045333125
0.49320739984562423,551.2029708697922,330.11171491347267,0.29508196721311475,0.75,0.0,52,0.47197027048184964
0.7660006861266304,549.3392372528803,211.0973115906914,0.2753623188405797,0.71875,0.0,55,0.7537938272673311
0.08439557861783564,414.3926295635441,149.77713642492873,0.17647058823529413,0.5416666666666666,0.0,69,0.06998127916046537
0.13481919700234624,466.5661226524327,153.50672525936562,0.1346153846153846,0.7083333333333334,0.0,63,0.12269019300098082
0.2156994790413551,540.85154262479,116.87893144676588,0.2222222222222222,0.68,0.5,60,0.183403018319091
0.570285691868833,567.1003182156823,204.7856264404132,0.3333333333333333,0.7586206896551724,0.0,52,0.600975136851512
0.9707502686484617,495.1586970062723,228.60414653486944,0.4155844155844156,0.6944444444444444,0.0,52,0.9350823355099439
0.14041502392782068,535.5606524038609,165.86870176306945,0.3076923076923077,0.6,0.0,59,0.11993078676483454
0.6917260704525816,400.3666441978806,109.96134683985157,0.4696969696969697,0.8064516129032258,0.0,50,0.704695627824856
0.20235989205392768,412.8888280033759,113.26127122658608,0.3148148148148148,0.68,0.0,60,0.2141078498217591
0.9330729412989961,393.8269880645959,67.97992071420956,0.5466666666666666,0.8888888888888888,0.0,46,0.8400424513967606
0.6364222665391411,322.5932215776914,116.65810938973658,0.38461538461538464,0.7666666666666667,0.0,56,0.6927673029874954
0.5581372149424008,352.7345223234332,44.672683743709236,0.5161290322580645,0.6896551724137931,0.0,55,0.584912353975638
0.903274738383689,445.51709907227206,24.55238211965618,0.5405405405405406,0.9142857142857143,0.0,45,0.848209633715361
0.5644955363855085,428.2977609420588,102.74871392795364,0.4126984126984127,0.8275862068965517,0.5,51,0.5444324480944216
0.5448988140728518,372.67872756091026,79.70249610963306,0.46774193548387094,0.8275862068965517,0.0,51,0.5627593308235562
0.958792132818273,263.1064894503705,99.44934218130123,0.2894736842105263,0.6666666666666666,0.0,65,0.9555378504225248
0.9069288691698061,347.83996304485794,81.37828501304735,0.2702702702702703,0.8285714285714286,0.0,58,0.9038209936105928
0.28758988237733973,291.5471625774068,97.25514792910856,0.2909090909090909,0.5384615384615384,0.5,68,0.2789517099654741
0.9499415348728011,330.92290819418804,122.00397358881057,0.32894736842105265,0.4722222222222222,0.0,68,0.9019193041350698
0.0997207056860493,241.8908864337994,61.97464286698733,0.17647058823529413,0.5833333333333334,0.0,72,0.03201596752159126
0.5093872057389439,277.21249931230955,120.93933199305464,0.3770491803278688,0.7142857142857143,0.0,59,0.470887332251165
0.6951820424873231,299.1731629292671,90.90673727738573,0.3582089552238806,0.7096774193548387,0.0,60,0.683923027045547
0.40860764772449454,295.8184922844836,61.04545110959587,0.2413793103448276,0.6071428571428571,0.0,68,0.38041312939789335
0.5385255747171132,413.6053126345887,84.36233186125993,0.27419354838709675,0.6896551724137931,0.5,61,0.5006514891208663
0.005577430074845013,383.01594478661326,85.7880244925491,0.2,0.7391304347826086,0.0,63,0.0
0.9036811329922203,392.19642829497263,55.76511271232192,0.4189189189189189,0.7428571428571429,0.0,55,0.8581294682508108
0.8825858199757176,383.10769292211404,74.50308003974789,0.410958904109589,0.6857142857142857,0.0,58,0.8493427787383555
0.737403891309692,417.3337314236739,70.52102790348627,0.35294117647058826,0.625,0.0,61,0.7672205050584567
0.3990602216168694,352.85398135566965,76.74702797537277,0.27586206896551724,0.7407407407407407,0.5,61,0.3724147711516143
0.17759677210163827,465.58319002260134,177.53909859393272,0.2830188679245283,0.72,0.0,57,0.19147905668709062
0.7183407655909662,425.5822371383867,63.355054352994756,0.4925373134328358,0.65625,0.0,55,0.6775745488544516
0.37169577681323596,367.010974498001,87.91528877756859,0.21052631578947367,0.7407407407407407,0.0,63,0.34542250846988487
0.9967441961957848,390.64764261881487,103.30486607450817,0.3076923076923077,0.5945945945945946,0.0,64,0.9770533380834245
0.10115134082692845,360.46482180806265,70.5678785021831,0.23529411764705882,0.6666666666666666,0.5,65,0.07799867037914283
0.8133422084308503,429.948840760976,83.44045721886792,0.352112676056338,0.6060606060606061,0.5,61,0.7762659488861336
0.575723231527335,379.5384821516115,86.27718298965989,0.23809523809523808,0.7586206896551724,0.0,61,0.5371463178470297
0.783625394714319,410.75530316512527,99.79554454617458,0.2898550724637681,0.5454545454545454,0.0,66,0.8129666573220505
0.2189941949441544,376.5813392338251,98.08343069914774,0.18518518518518517,0.52,0.5,71,0.2179038811393441
0.27646576498560693,394.8695865845312,69.94287191648843,0.23636363636363636,0.46153846153846156,0.0,71,0.32745913804553206
0.7433809537978651,572.5555967332853,110.0925336290953,0.2647058823529412,0.4375,0.0,67,0.7178767298384442
0.7846879252508555,562.1420096639093,148.56213558785308,0.2608695652173913,0.3333333333333333,0.5,70,0.8432888743451149
0.8786912024894822,510.69779624789726,101.45726595328871,0.3013698630136986,0.4117647058823529,0.0,68,0.8529739832447666
0.4940199775469216,524.4242444918365,95.87358931665887,0.19672131147540983,0.4642857142857143,0.5,69,0.5266351735031709
0.3448549605727834,535.0106849948924,128.55377084485752,0.3392857142857143,0.48148148148148145,0.0,63,0.32839523080067395
0.4222051780340952,514.0103745007887,156.7947168679038,0.1896551724137931,0.39285714285714285,0.5,71,0.4167131908176018
0.7892857473489322,548.3745898205887,109.6347235553269,0.2898550724637681,0.3939393939393939,0.0,68,0.7516012373402251
0.9967462224514594,579.1050630596687,140.04902093027655,0.32051282051282054,0.35135135135135137,0.5,67,0.9686140566563705
0.49139103576119325,576.9117468171603,84.18320929133739,0.3442622950819672,0.9285714285714286,0.5,47,0.520261032036478
0.7459230998194999,485.4314829287896,134.84868629498902,0.45588235294117646,0.71875,0.0,52,0.7407814160882519
0.003296011456382919,497.4041198302868,94.096142174385,0.24,0.8695652173913043,0.0,54,0.044757688765859734
0.6210137669630632,542.4861105492646,94.65495073959579,0.40625,0.8,0.0,50,0.5342817903460514
0.5653815869321401,502.5708573915887,46.77433416650739,0.3492063492063492,0.8275862068965517,0.0,53,0.6018760964944561
0.9064859834291594,515.0115690642793,9.270865843199697,0.43243243243243246,0.9142857142857143,0.0,47,0.9097111641909422
0.5441879728223286,453.3630812353885,60.29763826883241,0.4032258064516129,0.7931034482758621,0.5,53,0.5542333000201063
0.5444150760353851,501.18072011462664,36.80908178223023,0.4838709677419355,0.7586206896551724,0.0,51,0.5807689462400123
0.5593001176177886,456.95351409536045,38.55286130488624,0.0,0.0,1.0,95,0.7139294482103982
0.18629609344885745,433.0808029998568,37.91150036093097,0.018867924528301886,0.0,0.5,95,0.34947784717684754
0.6762561319418308,454.6236121716588,25.323993325558938,0.030303030303030304,0.0,1.0,94,0.8151930108519543
0.9841515613750568,479.05734669855553,39.52366566203548,0.05128205128205128,0.05555555555555555,1.0,91,1.0
0.23590558463758493,442.925386608534,41.110220743913096,0.018518518518518517,0.0,0.5,95,0.3996086305041075
0.04911993468901066,420.8836062208008,29.81354810472341,0.0,0.0,1.0,96,0.2337563733251377
0.3669690899599911,431.1086162632669,32.74589089870034,0.0,0.0,0.5,96,0.5157353681109855
0.2309162288055614,433.34315242014026,49.94854180360029,0.018518518518518517,0.0,1.0,95,0.4068787714686388
0.16125930470536431,377.33188857666096,46.2842473310355,0.1346153846153846,0.16,1.0,86,0.28187859785036345
0.19261295549063373,382.51959362775506,43.35066654609888,0.20754716981132076,0.12,1.0,85,0.37118144591548397
0.329519359012577,391.9452738928992,49.349970388839516,0.07142857142857142,0.0,0.5,94,0.4865539287241089
0.9511461964609855,433.3798905328174,53.1693918982392,0.15789473684210525,0.16666666666666666,0.5,84,1.0
0.22381350855452053,405.10768857943367,51.37758699762544,0.16666666666666666,0.12,0.5,86,0.38114621244922653
0.5415412458648915,431.26238912159243,47.982682255372545,0.12903225806451613,0.13793103448275862,0.5,86,0.6704925685176708
0.7967571217894784,418.31318507349846,50.93761947773898,0.12857142857142856,0.21212121212121213,0.0,84,0.9613777348426679
0.9893342569408464,422.63518035493877,47.64532165544526,0.1794871794871795,0.08333333333333333,1.0,86,1.0
0.5919586412443827,532.5306841343129,65.30638723792953,0.23809523809523808,0.4666666666666667,0.5,68,0.6162084481296564
0.7154082823589561,515.080958726828,93.71768132754816,0.19402985074626866,0.4375,0.5,71,0.7080985625364231
0.3265724524515091,517.6349366542912,80.11647210061051,0.14285714285714285,0.3333333333333333,0.5,76,0.45647706715505415
0.7084082623686928,510.6711907042566,86.08347674255678,0.23880597014925373,0.41935483870967744,0.0,70,0.6866212599777922
0.926647553254019,560.4569615644316,94.3949632467816,0.26666666666666666,0.37142857142857144,0.0,70,0.9759933194681484
0.21134818841401914,533.5111169428985,71.34288147829885,0.2222222222222222,0.36,0.5,72,0.23007252896319244
0.6866111678514195,518.4488059817095,68.66189863683648,0.2727272727272727,0.3548387096774194,0.0,71,0.6648225977301156
0.6689937797900772,515.7444601752625,93.65347497905208,0.3384615384615385,0.2903225806451613,1.0,71,0.6767759023032273
0.29794922476066343,341.1943815829112,106.3964142865664,0.10714285714285714,0.23076923076923078,0.0,84,0.4444100200702685
0.937518319351549,450.77870815604456,94.41861212191856,0.2,0.2222222222222222,0.5,79,1.0
0.7452272383587387,428.4328900400474,113.7305029205343,0.16176470588235295,0.3125,0.0,78,0.8986851007112353
0.3849227620920287,386.2860208611112,123.05978600685442,0.1896551724137931,0.14814814814814814,0.5,83,0.5329499304948094
0.4032754742471274,375.342547250875,111.97155165841798,0.20689655172413793,0.3333333333333333,0.0,77,0.5368791439748275
0.7850236745162796,395.3929937450212,129.52593000170688,0.07246376811594203,0.2727272727272727,0.5,83,0.9185857989838155
0.4257969505815916,410.32771458403096,91.36563831443976,0.1724137931034483,0.32142857142857145,0.0,78,0.5491921104332542
0.7384075428469418,438.90143957473157,139.02242207149402,0.17647058823529413,0.25,0.0,79,0.8773250931675862
0.8538060273319311,504.08907522414796,103.69740695814342,0.20833333333333334,0.38235294117647056,0.0,72,0.8877809062914449
0.9747459786923962,508.1419081073722,120.11936910799022,0.2727272727272727,0.3888888888888889,0.0,69,0.9935449887700071
0.1801375977616082,480.6599043995796,89.23871001874073,0.16981132075471697,0.48,0.5,71,0.2206897083416057
0.7875036517812092,510.73991299636145,113.36810505969586,0.17391304347826086,0.36363636363636365,0.5,74,0.7833806729622587
0.4073314387206951,487.3997855628738,105.06479291015454,0.22413793103448276,0.3333333333333333,0.5,74,0.39256446137554546
0.24082247891768827,475.5084744126531,126.34469123296265,0.2222222222222222,0.2692307692307692,0.5,76,0.3871277951111609
0.5395935283326789,481.03237314652023,68.86811216145583,0.22580645161290322,0.5862068965517241,0.5,66,0.5208123213416758
0.7836205048873639,479.9485138943609,127.44866408847548,0.2608695652173913,0.45454545454545453,0.0,68,0.7305727861147729
0.38539079839227686,392.20353737448005,75.4892783788969,0.22413793103448276,0.5555555555555556,0.0,68,0.3528278236601541
0.16569558404052254,359.2617815789795,113.0130884532948,0.21153846153846154,0.52,0.0,70,0.17664063545253264
0.4970592140301592,409.0611831657079,121.01202257540386,0.3770491803278688,0.5357142857142857,0.0,63,0.44060225522329394
0.663590533065068,442.55495899658087,93.67451983980446,0.24615384615384617,0.5483870967741935,0.5,67,0.6413612979830908
0.48955122062353296,401.77072512281785,105.23500844322865,0.19672131147540983,0.39285714285714285,0.5,74,0.5373881441977162
0.9339516559546656,424.7084045107843,96.43082101810683,0.37333333333333335,0.6388888888888888,0.0,59,0.9274906160495895
0.5432753965271527,427.3161950048841,142.8625336984843,0.2903225806451613,0.5862068965517241,0.0,63,0.5574767138332567
0.5376103792375123,462.4335053858712,86.82798217448416,0.12903225806451613,0.6551724137931034,0.0,67,0.49086723634026924
0.2682561829679091,537.7304389473796,145.05632014542974,0.2727272727272727,0.5384615384615384,0.0,63,0.2349149872485422
0.3679396515244425,532.3112094551686,171.06322403955434,0.3157894736842105,0.48148148148148145,0.0,63,0.34744043763402344
0.9808002097716981,590.8439622629705,137.92546226120086,0.41025641025641024,0.75,0.0,50,0.8845943626012456
0.38982390947775747,539.6018406588477,104.83060040372628,0.1724137931034483,0.5925925925925926,0.0,65,0.35460622159037003
0.12661152603818515,553.4799398194374,94.39048320327929,0.23076923076923078,0.6666666666666666,0.0,61,0.0594491813220894
0.13585109367451687,603.9177613679113,109.77610978203587,0.23076923076923078,0.75,0.0,56,0.1262209777637638
0.3277059532774582,562.3548188552571,159.3661786433722,0.3392857142857143,0.6296296296296297,0.0,57,0.31542613600558267
0.1429749807380295,541.5300159250168,147.4273083341894,0.19230769230769232,0.72,0.5,59,0.19450030262856843
0.7874627075096592,463.7577879734633,60.90286203126139,0.2753623188405797,0.2727272727272727,0.5,75,0.7617511730899064
0.63188329714504,470.76536562645776,78.11295308193604,0.2153846153846154,0.4666666666666667,0.5,70,0.5692053417134864
0.24812320098010165,388.71622679054326,56.97741711783329,0.24074074074074073,0.38461538461538464,0.5,74,0.2853470242083263
0.5898673190384749,449.01411465484006,85.11697547146707,0.19047619047619047,0.5,0.0,70,0.5263323450685924
0.06869660655884491,429.26227887646763,76.18749498147612,0.13725490196078433,0.2916666666666667,0.0,80,0.21652330073178938
0.29703773249075927,418.6856145361549,52.54446166682753,0.16071428571428573,0.34615384615384615,1.0,78,0.41140802749875494
0.2355126409193572,429.62422465122773,70.77174131066073,0.18518518518518517,0.23076923076923078,0.5,80,0.37327620802927164
0.4463207329004846,435.4493361494053,48.785010916506536,0.1864406779661017,0.35714285714285715,0.5,76,0.6143936553903354
0.8707351038256727,343.07057360243795,142.89111062054903,0.3013698630136986,0.5294117647058824,0.0,67,0.9520631330250121
0.4821856118468495,296.65919415282235,111.10289681517814,0.21666666666666667,0.5,0.0,72,0.4768197027374898
0.5277423181064005,316.6304584049404,95.40226021321234,0.2459016393442623,0.4482758620689655,0.0,73,0.5558404446282453
0.8160956848966426,251.15910782515667,61.40127617409539,0.18309859154929578,0.6363636363636364,0.0,70,0.8832136116874555
0.9062644807390022,353.5853262662902,93.47133285562738,0.2702702702702703,0.5428571428571428,0.0,68,0.8945230711263384
0.3211970158359224,290.59326942579776,72.81449454335649,0.26785714285714285,0.5,0.0,71,0.30004159513418105
0.946666321547224,412.00341694477663,92.49602678851818,0.24,0.75,0.5,60,0.9851888641425106
0.5581156051262741,278.6219370364263,129.4814759079478,0.25806451612903225,0.5862068965517241,0.0,68,0.5814069813685468
0.36713289481383193,408.8285281385355,151.52620859358453,0.24561403508771928,0.6296296296296297,0.5,63,0.3532697001367015
0.5214259951376945,521.772787209711,162.53037198536634,0.2786885245901639,0.6206896551724138,0.0,60,0.543253149041716
0.64573510409843,534.2662561034508,139.52674125946257,0.23076923076923078,0.5666666666666667,0.0,64,0.6369935269424234
0.8207590113798555,470.7545622189769,154.7997761814437,0.352112676056338,0.42424242424242425,0.5,66,0.8528009880025115
0.4411142773283684,418.73755374030463,121.8938347846519,0.288135593220339,0.6428571428571429,0.0,62,0.41289726486019623
0.8851287919529023,502.4734334419544,125.11233994605227,0.3561643835616438,0.4857142857142857,0.0,63,0.8324817874889646
0.22953967901383188,489.27977039448035,159.45316982747786,0.2222222222222222,0.56,0.5,65,0.2319830497767098
0.729293696316896,549.3894292146562,84.26555324479834,0.29850746268656714,0.71875,0.0,57,0.71522403762437
0.5866014193479198,329.58463579372625,151.01898970964734,0.31746031746031744,0.6666666666666666,0.0,61,0.5580577748074139
0.5263909185132195,244.57357691881654,106.15772049007983,0.32786885245901637,0.5862068965517241,0.0,66,0.4972105564285502
0.5097588561452133,303.89881003656274,122.57964071030611,0.3114754098360656,0.8214285714285714,0.0,57,0.5115813948110883
0.0028384578093705315,237.96013030455975,121.5250401851125,0.22,0.5652173913043478,1.0,70,0.018505095151454327
0.6888074041784565,319.85404918871467,177.56280189476416,0.4090909090909091,0.6129032258064516,0.5,60,0.7150847483115417
0.949821998533681,256.1466272362829,103.9552081125793,0.35526315789473684,0.7777777777777778,0.0,58,0.9147183089290162
0.6140484266943214,418.3888755870704,133.9149578779735,0.34375,0.7333333333333333,0.0,57,0.6182815070958861
0.6635500779107469,304.096673158462,134.10652016154708,0.2923076923076923,0.8064516129032258,0.0,58,0.6995384383135022
0.5185732684087264,426.7920649073964,76.84643640984426,0.09836065573770492,0.06896551724137931,1.0,89,0.6543273516797926
0.9246187519183807,441.9510425959525,73.88412550548523,0.09333333333333334,0.02857142857142857,1.0,90,1.0
0.988392628670704,450.0542508214402,71.6573148628041,0.10256410256410256,0.08333333333333333,1.0,88,1.0
0.9796220664703467,454.2665933181138,81.86556578319124,0.16666666666666666,0.027777777777777776,0.5,88,1.0
0.04230696433036729,409.8018958440482,73.59039449065699,0.12,0.041666666666666664,0.0,90,0.2115515488674944
0.8841833907822887,444.0414285234792,77.47966351798918,0.136986301369863,0.02857142857142857,1.0,89,1.0
0.9679170735629371,449.96926520010277,87.29555833906117,0.11688311688311688,0.027777777777777776,1.0,89,1.0
0.7276320210088763,444.446543647467,80.78226748814272,0.11940298507462686,0.0,1.0,90,0.8230402630862043
0.10317148893323769,354.2937540280159,90.77789380680039,0.07692307692307693,0.041666666666666664,1.0,92,0.26654726336511464
0.742549168545007,409.2719260818257,81.54643035818908,0.11764705882352941,0.03125,0.5,90,0.9042007467655493
0.8928058233239378,385.806895771572,61.43035572179654,0.1232876712328767,0.02857142857142857,1.0,91,1.0
0.6202110682153643,392.8195071728076,81.78319042148908,0.15625,0.06666666666666667,1.0,88,0.7877274477146874
0.4195574237427445,388.7397700945208,79.55046681771323,0.08620689655172414,0.03571428571428571,0.0,91,0.584389360633154
0.0061461399669673344,388.9894660466365,86.269070806937,0.08,0.043478260869565216,0.0,91,0.1820764044662192
0.11730829248627006,340.9148383746652,96.35675755724726,0.11538461538461539,0.041666666666666664,0.0,91,0.2803582081890656
0.9432229626037708,404.9558663227617,86.90343908386495,0.14666666666666667,0.08333333333333333,0.5,87,1.0
0.6704280513426865,559.0794260605596,253.92119618883208,0.46153846153846156,0.7741935483870968,0.0,46,0.5591975114902192
0.4258001916427756,739.9195712034452,191.16992579740764,0.41379310344827586,0.7857142857142857,0.0,45,0.4407790961139219
0.30632864058847775,694.4820200602051,134.13131012275608,0.25,0.8076923076923077,0.0,51,0.3558529739051828
0.5690062630049711,566.4502059866101,227.9449348793962,0.36507936507936506,0.7931034482758621,0.5,49,0.5392600280783472
0.8377364887878735,665.3346188261555,183.43185987086173,0.4788732394366197,0.8235294117647058,0.0,43,0.6835981256580917
0.6902278030016832,517.4733745776236,243.15406654447278,0.3939393939393939,0.8064516129032258,0.0,48,0.7065135762354123
0.2609523288651062,427.66037877901243,197.09480014304972,0.4074074074074074,0.8846153846153846,0.0,48,0.2820831623370137
0.5631244061002828,712.9301780094781,255.4044019995494,0.4444444444444444,0.7586206896551724,0.0,44,0.40467561920631984
0.8888180195133005,548.4887445295152,152.58664034495234,0.5342465753424658,0.5714285714285714,0.0,52,0.9513109119445596
0.3307178528387055,402.4082949347203,120.43270911470277,0.32142857142857145,0.6666666666666666,0.0,60,0.36843123219860713
0.8358266217192544,462.8103475887353,109.45769534436295,0.4647887323943662,0.6470588235294118,0.0,55,0.8348918446760762
0.47705683493628614,486.54021336181194,109.15114824047694,0.35,0.7857142857142857,0.0,53,0.4832121570739429
0.20741247147782482,522.0264833168247,119.58615589783933,0.3333333333333333,0.56,0.0,61,0.16241432592299251
0.7635076169245223,561.349790589892,143.8961075931303,0.4492753623188406,0.625,0.0,53,0.746006896012827
0.22792336940553182,450.7745352946743,174.26861763856127,0.2777777777777778,0.52,0.0,65,0.2702643237661917
0.03590774440883948,562.5072644282797,151.551686316027,0.24,0.7083333333333334,0.0,58,0.02578601799368891
0.24577655948541188,474.4796121461826,60.49195131510851,0.24074074074074073,0.038461538461538464,0.0,84,0.3889111740036403
0.49413283742371417,461.34266958060147,44.95532323304436,0.19672131147540983,0.21428571428571427,0.5,80,0.5965572196084498
0.8747670077659485,480.7242207823271,54.64594674750106,0.2054794520547945,0.29411764705882354,0.5,77,0.9969702895987351
0.07892856950262639,432.3255673755678,58.471937620402024,0.0392156862745098,0.0,0.5,94,0.1806864249389958
0.5350271417264615,482.4175102827572,63.64631161385334,0.16393442622950818,0.10344827586206896,0.0,85,0.6678245014396439
0.9252256896231581,495.7980595318335,52.91746682520547,0.17333333333333334,0.22857142857142856,0.5,80,1.0
0.6820577151550762,494.7827366509677,66.32030341463782,0.15151515151515152,0.2903225806451613,1.0,78,0.8226844726507825
0.061642225682299046,425.97427474053205,55.34335362015558,0.18,0.125,0.5,85,0.20898744355981894
0.18957329762989117,415.80684091443305,114.84008114590364,0.3018867924528302,0.52,0.0,66,0.13730168099921605
0.5761507517593626,364.2291344567997,135.9197145583506,0.3968253968253968,0.6206896551724138,0.0,60,0.6347757195600803
0.8924968805974174,392.9683284277434,121.87882214624936,0.3972602739726027,0.6,0.0,60,0.8346718986673896
0.558319555446999,437.67671193755876,103.55182802871025,0.22580645161290322,0.6896551724137931,0.5,62,0.519258451189864
0.3548964861548314,355.0324730896428,73.68963002306243,0.3508771929824561,0.5185185185185185,0.5,66,0.40454785057458786
0.46417924187991255,360.9851677427299,115.65664579305358,0.31666666666666665,0.35714285714285715,0.0,72,0.4805398037587124
0.8306953920336246,448.75825596125475,99.47816216926442,0.4507042253521127,0.8235294117647058,0.0,50,0.8359898949634597
0.13497268876647928,349.1825880345875,84.62801132997842,0.23076923076923078,0.625,0.0,67,0.12414621771256315
0.46255686565017984,461.86117647872834,68.86812218299795,0.13333333333333333,0.2857142857142857,0.5,80,0.6249189886338284
0.2845046484980617,459.12579526691695,47.98699417192354,0.2,0.34615384615384615,1.0,76,0.46991269658989615
0.6965108708645898,473.61546624496236,60.3416926124503,0.22388059701492538,0.2903225806451613,0.5,76,0.8487531576175448
0.15266517629483023,451.54236985056656,84.98047227478261,0.17307692307692307,0.24,1.0,80,0.303687340480046
0.18055568045247317,447.1217690702672,67.27682291523,0.11320754716981132,0.36,0.0,78,0.3555644274893674
0.8912786533726018,495.7750352379222,52.66443207463794,0.2876712328767123,0.2857142857142857,0.0,74,0.9036137958085463
0.021048921577415558,429.42291920504084,49.66670703953302,0.14,0.34782608695652173,0.5,78,0.15077301864705495
0.3991642450363365,452.45884305524214,55.446570476264554,0.1206896551724138,0.4074074074074074,0.5,76,0.5375821113189755
0.8889967771669279,336.0568436585076,70.7030871712949,0.1780821917808219,0.2,0.5,84,1.0
0.766617036109803,318.66246565618775,97.60762309641626,0.2608695652173913,0.125,1.0,83,0.9244011619772436
0.15285859742744512,303.3226445691256,71.99348173262585,0.09615384615384616,0.08,0.5,92,0.28001920066508695
0.9566193787894561,354.9893380966525,71.98068700522187,0.15789473684210525,0.1388888888888889,0.5,86,1.0
0.056773565932295766,326.82065438807206,74.06616410387412,0.1,0.041666666666666664,0.5,92,0.18983752669289716
0.8662267202355404,333.9347005033925,68.1157920079834,0.1917808219178082,0.08823529411764706,1.0,87,1.0
0.7119908441063838,357.9689302403069,63.32194169866192,0.1791044776119403,0.12903225806451613,0.5,86,0.8382912600515987
0.1238670268135017,318.41293196382463,59.668120823251435,0.11538461538461539,0.16666666666666666,1.0,88,0.2802735280687261
0.6695403082256485,653.7821847386722,87.72122559415321,0.13846153846153847,0.3870967741935484,0.0,72,0.6630272182978327
0.23283119373265526,634.0584631897399,107.94290075788201,0.14814814814814814,0.24,0.0,77,0.36763946053948043
0.8891685981571011,715.2890450115495,82.98985352825142,0.1643835616438356,0.2,0.5,76,1.0
0.33205697728651806,639.211194265909,89.53354985651572,0.08928571428571429,0.25925925925925924,0.5,78,0.47691424933160215
0.4481170422435692,600.8347021786915,80.33779816597789,0.0847457627118644,0.25,0.0,80,0.5849026722175479
0.9712381642826421,701.0648032050045,96.54774037509672,0.11688311688311688,0.3611111111111111,0.5,72,1.0
0.5210505472883138,635.9453235223582,80.71123752467601,0.06557377049180328,0.41379310344827586,0.0,74,0.5816868916622879
0.17019893339322956,607.3295471622937,123.76316980601462,0.07547169811320754,0.24,0.0,79,0.3230966571981174
0.46972552634075604,560.3720756424974,61.04044113504152,0.1,0.21428571428571427,1.0,81,0.612889968802565
0.7585878473831829,593.0234096316606,96.68397843828703,0.14492753623188406,0.5,0.5,69,0.7542118776126786
0.4271016493899361,561.9225869017577,95.79365825225855,0.06896551724137931,0.32142857142857145,0.5,78,0.5371040427163067
0.40609933908848705,602.4601160025894,87.54964125762653,0.1896551724137931,0.14814814814814814,0.0,79,0.574889764359563
0.46113384500629473,587.3559990435866,62.68574626928534,0.16666666666666666,0.25,0.5,77,0.6377332613320172
0.5004362945768391,561.0199248849523,75.61450175241211,0.13114754098360656,0.25,0.5,79,0.6408081231991442
0.1482661612413595,511.82642540604047,79.20921599751168,0.15384615384615385,0.2,0.5,81,0.3280209591057963
0.20754272433555887,553.4210954621492,73.30425652034718,0.18518518518518517,0.32,1.0,75,0.16693708177294425
0.7306002135112851,599.0901744646533,41.682276506223424,0.07462686567164178,0.0,1.0,89,0.8731750795521654
0.2387620687334494,579.1103341961701,31.474717227531148,0.09259259259259259,0.038461538461538464,0.5,88,0.3679232883552229
0.597186042837335,597.4649872688567,41.16653630813564,0.06349206349206349,0.0,1.0,90,0.7625052471003253
0.24957957175532508,574.1126933394149,40.43902984340969,0.07407407407407407,0.038461538461538464,1.0,89,0.38493856364297613
0.7793980118021558,614.4835518583807,34.11376571081863,0.043478260869565216,0.030303030303030304,1.0,89,0.9383988617257207
0.019138701768489086,555.512161983825,44.69275691831453,0.08,0.0,0.5,90,0.15551152694817036
0.261044449933053,569.4466696204903,36.508378691532606,0.05555555555555555,0.0,0.5,91,0.4183715843509824
0.9909468981695123,616.3346220420025,40.29656121641803,0.11538461538461539,0.0,0.5,88,1.0
0.513455046730281,368.0101003341814,126.4405884116959,0.36065573770491804,0.6551724137931034,0.0,60,0.5047211277123903
0.6192447174452101,437.02625979920816,128.96481573933053,0.25,0.5333333333333333,0.0,66,0.5828176086413454
0.43018966845383877,352.70902678141306,119.27023218610934,0.29310344827586204,0.6071428571428571,0.0,64,0.4775064419351016
0.43220047331239675,482.0482385887064,88.8647714453411,0.22413793103448276,0.8214285714285714,0.0,57,0.43189938390076366
0.032299247370958906,301.9714524941421,145.03657654527706,0.24,0.4583333333333333,0.0,72,0.04456922393198188
0.5142670973781214,351.09088660177673,159.53259577555153,0.3770491803278688,0.6206896551724138,0.0,60,0.500093913179062
0.41545102506846876,369.9072711053095,134.88733069267855,0.3275862068965517,0.6071428571428571,0.0,63,0.45101764507229114
0.12187036371881343,397.80866386376533,138.93991404549772,0.25,0.625,0.0,64,0.12813454178924677
0.4083731210317003,444.2126545216217,117.60800520264773,0.39655172413793105,0.8214285714285714,0.0,51,0.4275829226360798
0.17523384252503005,452.73105971775954,107.11604416959138,0.37735849056603776,0.68,0.0,57,0.0944402301847589
0.11484650931139406,430.79369828283336,150.0,0.3076923076923077,0.9583333333333334,0.0,49,0.13847971818387597
0.4211341892804583,481.5774324033706,44.422281538645166,0.3103448275862069,0.8571428571428571,0.0,54,0.45396873308048247
0.40063332668726537,548.021503238277,95.21275102528752,0.3275862068965517,0.8518518518518519,0.0,51,0.41140425394065794
0.5742938995680184,489.4240772243988,65.75574078231492,0.4126984126984127,0.7586206896551724,0.0,53,0.555318843013049
0.34641156148576535,467.55482890219946,61.358904733781074,0.2857142857142857,0.7777777777777778,0.0,57,0.303461509221555
0.6789441828959433,471.4144194641758,93.86049003666167,0.42424242424242425,0.9354838709677419,0.0,46,0.6748013820076264
0.467475542812659,429.40539120880703,86.87754812549208,0.06666666666666667,0.03571428571428571,0.5,91,0.6168636624685526
0.6824530050781605,428.61884920980486,113.38500704104487,0.13636363636363635,0.03225806451612903,1.0,88,0.780324984247845
0.7395347484635191,445.9578198083451,85.05031753633433,0.058823529411764705,0.0625,0.5,90,0.8775609226427816
0.9260705162932952,461.86485553173304,105.22538327673888,0.14666666666666667,0.2,1.0,82,1.0
0.7248599342151263,438.1128582281674,98.13536821440891,0.13432835820895522,0.03125,0.5,89,0.8875179092556554
0.9410035820483886,450.8755467176315,75.00791786826193,0.06666666666666667,0.08333333333333333,0.5,89,1.0
0.18052762930517186,446.31623088949897,127.74160432936837,0.05660377358490566,0.08,0.0,89,0.3603232575640116
0.09492629446310918,436.81425707415576,96.3951795220038,0.0784313725490196,0.16666666666666666,0.5,86,0.24021110159769232
0.7710120740613897,580.2052254674961,47.54945666297487,0.3188405797101449,0.53125,0.0,63,0.7786794397038631
0.8087513169939478,583.3823585232856,35.8551332786388,0.32857142857142857,0.36363636363636365,0.0,68,0.8217052018307531
0.8390380413179539,592.2393364442172,34.39209988937031,0.19718309859154928,0.47058823529411764,0.0,69,0.8635453772672755
0.5616375593649364,569.7973869267432,26.635064053331327,0.23809523809523808,0.5517241379310345,0.5,65,0.5833539233823979
0.025035517517146166,555.7249804647596,39.344530038710694,0.1,0.5217391304347826,1.0,71,0.019894444546172306
0.6131282028245137,585.8143529693856,40.65592137492465,0.234375,0.5666666666666667,0.5,64,0.5439579023556721
0.7708519299103025,581.6050589962098,29.574765279089483,0.18840579710144928,0.59375,0.5,65,0.7632397310947601
0.22525940287112434,567.7627420790931,31.410899608551627,0.18518518518518517,0.56,0.0,67,0.2494524708492114
0.98404418803837,431.79413261049206,70.25244621049474,0.14102564102564102,0.08333333333333333,0.0,87,1.0
0.1337331756737724,381.56550963698135,92.55246004095413,0.07692307692307693,0.20833333333333334,0.0,86,0.298533912488628
0.4797766128761626,385.0303041559432,61.131616449246884,0.1,0.14285714285714285,0.0,88,0.6292666959283675
0.18203905810341803,399.6009130532316,81.91395912060263,0.1509433962264151,0.04,0.5,89,0.34886352635607376
0.07585229975034324,411.38945181808367,68.10397131434398,0.19607843137254902,0.041666666666666664,1.0,87,0.1973286988454808
0.9577341523446563,447.1057889849337,72.73055930306742,0.25,0.25,0.0,77,1.0
0.22673570402154175,429.42080153734344,59.656586406731066,0.18518518518518517,0.16,0.5,83,0.36318308484032175
0.7285967246642471,417.74026333155695,76.59670707791841,0.13432835820895522,0.1875,1.0,84,0.8895932753257075
0.8231964230561343,330.56785467276023,44.51198129263476,0.15492957746478872,0.42424242424242425,0.0,77,0.9592602436263188
0.7280757949629143,333.8454236647148,43.81521640721388,0.2835820895522388,0.59375,0.0,67,0.7370166200790388
0.640753706847952,337.7466814732165,54.48172342545152,0.2923076923076923,0.4666666666666667,0.0,71,0.5546470059052241
0.8368068142797837,358.92141741841783,34.34318530036529,0.28169014084507044,0.35294117647058826,0.0,75,0.8139749069764896
0.6309419714824905,331.64477694718255,33.67960719775115,0.18461538461538463,0.3333333333333333,0.5,80,0.8171018074707382
0.670839160563809,343.1189613384664,33.3988022000809,0.27692307692307694,0.41935483870967744,0.5,73,0.5992748314779797
0.5460955915688326,341.31062894257644,35.006720059921285,0.22580645161290322,0.3103448275862069,0.0,79,0.701174027487135
0.6572927371961214,328.19707135926143,30.35682819997866,0.15384615384615385,0.5161290322580645,0.5,74,0.6206415274955863
0.8151697013342272,519.0652863418085,121.0385027856765,0.36619718309859156,0.6666666666666666,0.5,56,0.8177484460233247
0.18362430121638684,533.9802138027594,110.17917629967992,0.2830188679245283,0.44,0.0,67,0.2361218063785021
0.6761709592300589,517.2449908736476,162.752402275137,0.3939393939393939,0.7096774193548387,0.0,53,0.6517127495491767
0.33354810748126995,553.3716217760218,126.2017322935862,0.23214285714285715,0.5555555555555556,0.0,64,0.3080821122817202
0.290618381715115,527.2707090923412,140.77255237725655,0.2545454545454545,0.5769230769230769,1.0,63,0.2734013536269687
0.5690156964787275,523.9246020268534,124.88991299335936,0.1746031746031746,0.5862068965517241,0.5,66,0.5387355138592123
0.572504888826621,585.5219933392038,136.42217946931464,0.3968253968253968,0.6206896551724138,0.0,55,0.5841221322897453
0.8281089482185372,528.5315050272801,140.19853286258842,0.36619718309859156,0.5757575757575758,0.0,59,0.8120291078874478
0.9336048363579884,491.99697359405053,135.3735782479449,0.44,0.5555555555555556,0.0,58,0.8894730453300445
0.6426266809176197,455.50676881376774,120.83240138202716,0.27692307692307694,0.5,0.0,66,0.6889686417744989
0.7353377800589507,519.2459735224172,79.30081148943799,0.36764705882352944,0.59375,0.0,59,0.701413259045986
0.21246946332291594,478.9040316628183,150.35753707088142,0.2777777777777778,0.68,1.0,59,0.14247665583336674
0.5462373848273965,542.3191725279511,110.61415690693465,0.27419354838709675,0.5172413793103449,0.5,64,0.49576679001621893
0.43691069966630114,515.9004988522339,124.6811377620441,0.3559322033898305,0.5,0.0,62,0.416527110810073
0.4980184106583089,545.9922145511691,130.86411293560175,0.3442622950819672,0.5714285714285714,0.0,60,0.49307383098581636
0.9744265387531442,540.889852868762,119.77858897212904,0.38961038961038963,0.75,0.0,52,1.0
0.9803806038002162,486.1158938411025,81.33259884740363,0.2692307692307692,0.4166666666666667,0.5,70,0.9977125369826295
0.7752059254565002,456.36868134460735,77.24299355703035,0.2898550724637681,0.42424242424242425,0.0,69,0.7735386420553843
0.9620247403855838,496.60069122412716,77.06597553960324,0.2236842105263158,0.4444444444444444,0.5,70,0.8657504745095788
0.8010817871237839,472.30038703813625,97.49210041689543,0.22857142857142856,0.48484848484848486,0.0,69,0.8725363796044232
0.40815201918170696,443.80196352533034,85.08088041214401,0.20689655172413793,0.39285714285714285,1.0,74,0.41917858285530046
0.918071310939716,455.9540745591714,92.65666002869217,0.25333333333333335,0.2857142857142857,0.0,75,0.9106044428208934
0.7740031228199417,464.44116791474033,89.76774201047327,0.2753623188405797,0.30303030303030304,1.0,74,0.8036114374628588
0.9398511357744687,447.40915852887093,109.67735164287221,0.2,0.5277777777777778,0.0,69,0.9898509445757587
0.2906378177380783,409.62216293488973,51.53986572870823,0.12727272727272726,0.6153846153846154,0.5,70,0.3746304850291475
0.7760035148694581,383.20815995225973,57.94444809188228,0.2898550724637681,0.48484848484848486,0.0,69,0.7511425235548251
0.4560969349161066,411.852406922706,72.56689000503408,0.3220338983050847,0.39285714285714285,0.5,70,0.5292610586651034
0.4431981350318014,421.5169551597898,61.99308649856084,0.2711864406779661,0.4642857142857143,0.0,70,0.4817680311435684
0.5586364974382386,389.37411881760437,51.75675114218736,0.1935483870967742,0.4827586206896552,0.0,73,0.5616942267429181
0.9116667785874436,420.19893188118795,60.46147020308713,0.28378378378378377,0.5142857142857142,0.5,67,0.915405642201008
0.8878567384326317,426.2993838154736,90.21055281739001,0.2876712328767123,0.42857142857142855,0.0,70,0.931861169264989
0.685090573327031,406.99925850196246,55.197481311380784,0.3484848484848485,0.4838709677419355,0.0,67,0.7046351612043917
0.13729585510033715,451.26488665204715,86.88574248755953,0.1346153846153846,0.32,0.5,78,0.2685248761672117
0.1258032573704998,472.7460300063245,86.84012883487809,0.1346153846153846,0.25,0.0,80,0.3035309738493897
0.725265151815481,465.5881204878883,102.78054307075023,0.16417910447761194,0.46875,0.0,72,0.712781444743031
0.016919619668733787,430.5384656916328,67.74469927063484,0.12,0.34782608695652173,1.0,79,0.14634932615476204
0.5896318175032371,434.625486510924,68.14243652368023,0.19047619047619047,0.4,0.0,74,0.6962842009040721
0.4054771055398614,500.7424742304492,61.530212319002764,0.15517241379310345,0.18518518518518517,0.0,82,0.5596723898334939
0.543354015769322,499.20552695484577,60.44352375793797,0.20967741935483872,0.4827586206896552,0.0,70,0.5357583784318031
0.43901024323860516,456.17899852941855,92.214080507505,0.22033898305084745,0.32142857142857145,0.5,75,0.49404426379132926
0.1809027309107949,480.19622114469,41.84544601247616,0.09433962264150944,0.04,1.0,90,0.2907222262618373
0.6290984401588586,513.1240101753975,63.61682688426176,0.12307692307692308,0.0,1.0,89,0.7894273186487978
0.22274604093581962,499.9079151736693,56.601838044481276,0.07407407407407407,0.04,0.5,90,0.3902946649702113
0.9878698216298551,560.1893124014354,62.664231882076244,0.14102564102564102,0.027777777777777776,1.0,87,1.0
0.9558131893006693,536.7192828483352,48.67407030798404,0.11842105263157894,0.1111111111111111,0.5,85,1.0
0.9588491374693321,533.2170767178798,58.74552290206012,0.15789473684210525,0.16666666666666666,1.0,82,1.0
0.5202387965623596,482.5444079128157,64.78820947011229,0.16393442622950818,0.06896551724137931,1.0,86,0.6647774808227319
0.6661295470768485,508.3466449782158,62.665105646832124,0.1076923076923077,0.06451612903225806,1.0,87,0.8031157577373312
0.34004843377399496,350.7661016247203,55.09065833312675,0.10714285714285714,0.07407407407407407,1.0,91,0.48191594814387556
0.58849258546551,380.52668728398817,60.77667880255847,0.047619047619047616,0.0,1.0,95,0.6989874473507588
0.5584667648594004,363.237470062623,55.44108327950818,0.1935483870967742,0.10344827586206896,1.0,86,0.6885682397096553
0.7751961627693061,396.142751017773,56.57725331257252,0.11594202898550725,0.06060606060606061,0.5,90,0.9360459778698336
0.37136593214696456,349.8842456314221,67.54393951210707,0.14035087719298245,0.037037037037037035,1.0,91,0.5334937236280872
0.11979655299233749,352.5161177424038,48.92821523983701,0.11538461538461539,0.041666666666666664,1.0,92,0.25932440824479785
0.42947531559336316,373.7898071036948,50.018447980983304,0.13793103448275862,0.03571428571428571,1.0,90,0.5943930782610933
0.17387547409129311,362.740676317392,65.77373419396076,0.11320754716981132,0.04,1.0,91,0.30532458809179347
0.9065823456365314,448.7230754278762,94.77181208392845,0.33783783783783783,0.8857142857142857,0.0,51,0.8519764252137154
0.43902249540596405,356.5575813067612,132.1771297018583,0.1694915254237288,0.75,0.0,63,0.45770552136545045
0.44133360484216644,455.5797332539456,82.85412165062233,0.3220338983050847,0.8214285714285714,0.0,54,0.437858835305451
0.803983040810243,488.40515219487173,109.1361206567896,0.32857142857142857,0.6060606060606061,0.0,60,0.7910868440440886
0.5093898733384775,475.0658077245656,131.79693280042054,0.2786885245901639,0.7142857142857143,0.5,58,0.5575277503631414
0.019667327491890152,416.86155764538375,107.42885363187649,0.22,0.6086956521739131,0.0,66,0.0700736511654579
0.5579994565600694,434.4259966688868,135.01685515390201,0.16129032258064516,0.7241379310344828,0.0,63,0.5437968286962349
0.06835422196266949,428.50542672041513,115.5903061418588,0.21568627450980393,0.625,0.0,65,0.05718664117835696
0.03642708074794565,349.5415918024268,70.38274251536835,0.18,0.25,0.5,82,0.15996468011505413
0.20242778825178298,319.71006759792505,48.70790081548233,0.07407407407407407,0.2,0.5,88,0.3664235512880293
0.48059817799241134,341.69544024749183,55.36756512168903,0.18333333333333332,0.25,0.5,82,0.631581637422404
0.38307653425498334,333.05823958564406,75.01897089257088,0.15517241379310345,0.4074074074074074,0.0,77,0.5221745962302379
0.4173873501499198,325.59163195860464,48.43331368813079,0.017241379310344827,0.25,0.0,88,0.5600766123659486
0.38886596124004924,344.3063329964395,55.65624118405893,0.1896551724137931,0.25925925925925924,0.0,81,0.5328281889117494
0.5746789019148915,350.2152402394027,54.55335025779901,0.12698412698412698,0.10344827586206896,0.0,89,0.7240575105734655
0.1307340940097278,325.4561057712889,59.02984769835958,0.1346153846153846,0.16666666666666666,0.5,87,0.29567179669749427
0.383317056139331,495.5144688740539,104.80973445845872,0.2413793103448276,0.5185185185185185,1.0,66,0.31114508824066966
0.9284941837968337,493.12428844893094,123.99068689089161,0.25333333333333335,0.42857142857142855,0.5,69,0.8517754063071912
0.2958913589244955,469.13208961475755,94.59210913778969,0.17857142857142858,0.46153846153846156,0.0,71,0.24636328881059238
0.9875562503105642,518.4984807746666,100.12415130719742,0.34615384615384615,0.5555555555555556,0.0,61,0.9871258600380987
0.4798914933000994,566.2509628724852,93.1877104768994,0.23333333333333334,0.6785714285714286,0.5,60,0.48747298298368424
0.8847898676126157,502.37879889174457,83.73103656590469,0.3972602739726027,0.42857142857142855,0.0,64,0.862344910016314
0.2686410169632987,465.8193898751522,111.16810334069989,0.2909090909090909,0.5384615384615384,0.5,65,0.2763341026848739
0.6587178254796632,517.4708408789932,88.98922913156113,0.18461538461538463,0.6129032258064516,0.5,65,0.6458671069323966
0.08460516796532835,540.131019660643,111.47865078246738,0.27450980392156865,0.4583333333333333,0.5,66,0.026425129203699223
0.1784841994192249,510.288294111826,70.59858851765847,0.16981132075471697,0.48,0.0,71,0.175020539010632
0.2836232524391913,558.395224193092,77.41978765758772,0.18181818181818182,0.46153846153846156,0.5,70,0.2596710913458063
0.5540494565113243,587.7175404053976,79.89239508537527,0.3064516129032258,0.6206896551724138,0.0,59,0.49429677990210374
0.4120547904127191,536.8307770258522,85.35326398295406,0.3103448275862069,0.4642857142857143,0.5,65,0.4316638961271362
0.7201612439829341,558.5365562134997,92.9177372534658,0.373134328358209,0.40625,0.0,65,0.6601104022207399
0.686949579841763,582.1219439289758,82.64348303804609,0.3787878787878788,0.5161290322580645,0.0,60,0.6579523994252146
0.6184515301877828,567.5101980935158,97.28930589988224,0.3125,0.4666666666666667,0.0,64,0.6321645419913487
0.5924835333114298,510.338087216124,101.19111367463266,0.2698412698412698,0.5,0.0,66,0.6230553881467398
0.6149676944968686,541.4990595184668,92.84064020266167,0.28125,0.5666666666666667,0.0,63,0.6194741343805944
0.15408998426532672,487.4671346323195,119.13877456552383,0.28846153846153844,0.52,0.0,65,0.08966186092045761
0.02285663637689095,418.26965685079546,138.90269456887134,0.32,0.4782608695652174,0.0,66,0.0
0.21104608035279115,455.86382962477455,98.05940913827645,0.16666666666666666,0.64,0.0,66,0.16938313483240608
0.9834344254321983,499.6855369516264,76.50544721426976,0.38461538461538464,0.5,0.0,63,0.9320160187140053
0.8914050628511694,499.9346008719145,127.41647396065872,0.273972602739726,0.5714285714285714,0.0,63,0.8685965538084901
0.5379170500591895,454.1858026505375,88.09307050219691,0.25806451612903225,0.5172413793103449,0.0,67,0.5510722930457517
0.6580349200286019,504.0144966244436,94.12020417353709,0.27692307692307694,0.6129032258064516,0.0,62,0.7018911111549196
0.8491092326316082,593.6936221992149,90.21110376053412,0.3472222222222222,0.7058823529411765,0.0,54,0.847482073390569
0.9475823686990935,541.1624376866807,86.51189800171574,0.22666666666666666,0.5,0.0,67,0.9175666890050793
0.36737260299592855,500.7485403571327,79.26436311274276,0.15789473684210525,0.6666666666666666,0.0,65,0.35851844675429284
0.6197875360418329,491.7304487951677,74.98767629810351,0.296875,0.5666666666666667,0.0,63,0.6378830450756675
0.8947651030525288,472.8454831176832,66.30730028831223,0.3287671232876712,0.7428571428571429,0.0,57,0.9236052980064396
0.7130163382228731,474.9992397874232,66.45126075085528,0.34328358208955223,0.6451612903225806,0.0,60,0.6418708444078696
0.49709333565941805,537.2930149400592,106.45914950111353,0.36065573770491804,0.5,0.5,62,0.5515567784633656
0.5676260474074227,306.7601100658728,51.9928990495162,0.1746031746031746,0.3103448275862069,0.0,81,0.7278472763539214
0.023653161299231784,329.4224445770095,99.39986779238394,0.2,0.30434782608695654,0.0,79,0.14562301289247243
0.3028276173268045,356.24191850777925,60.309297252511676,0.26785714285714285,0.38461538461538464,0.0,74,0.2584781880378718
0.09349700047621945,346.20147229961657,74.09656541442885,0.21568627450980393,0.20833333333333334,0.5,82,0.2516865318336616
0.8516792387331695,372.59533155937726,72.05521641458563,0.2916666666666667,0.29411764705882354,1.0,76,1.0
0.6370865843230366,403.0206073712595,93.75248393999937,0.23076923076923078,0.3,0.5,77,0.7655712989011552
0.45845356592900177,356.93089769340514,104.19714459621095,0.22033898305084745,0.21428571428571427,0.5,81,0.5930264487751739
0.2261572019054211,341.4342491604262,102.69473455564557,0.16666666666666666,0.32,0.0,79,0.3838659673226191
0.06974265048617267,493.15565435226404,77.7132364346962,0.0392156862745098,0.041666666666666664,0.5,91,0.20838708322842928
0.07909405228540345,473.1767972838902,62.99452801584524,0.0392156862745098,0.0,1.0,93,0.26046862173373014
0.6912564835683808,524.7717298352738,53.76520340754255,0.10606060606060606,0.0967741935483871,1.0,86,0.8595362029873316
0.6673979192975354,517.7667914533703,42.70665511079368,0.07692307692307693,0.12903225806451613,1.0,86,0.8406426580702965
0.5216359685905629,516.5987985052479,57.52224837010835,0.09836065573770492,0.1724137931034483,0.5,84,0.6896502547613829
0.2214515798084794,477.81027444687953,79.70319456628573,0.018518518518518517,0.04,0.5,92,0.3682316642807647
0.9433293089585246,542.2301584976167,67.54331679044827,0.08,0.05555555555555555,0.5,88,1.0
0.25020626553164205,496.6615581871804,85.51344410583923,0.1111111111111111,0.038461538461538464,0.5,88,0.4137793595202434
0.4891200635297678,607.1665148308265,57.068962992333255,0.11475409836065574,0.32142857142857145,0.0,76,0.6644146484559784
0.6984323939616582,656.2890929853124,54.49048697730113,0.13432835820895522,0.2903225806451613,0.0,76,0.8128494208171207
0.18384858046270913,615.7436218214718,62.578707813723746,0.16981132075471697,0.28,1.0,76,0.3143782826775852
0.6816061784873896,660.0540010810691,48.548796877884264,0.18181818181818182,0.2903225806451613,0.0,74,0.7683031591280576
0.23407711757062089,601.697631866918,48.25086480253356,0.2222222222222222,0.3076923076923077,0.5,73,0.20309057270612513
0.8353562588620885,666.2926076851996,53.68464410147704,0.2112676056338028,0.2647058823529412,0.0,74,0.8436246386613818
0.12497496102853856,596.3670646075618,60.74749075789599,0.21153846153846154,0.4166666666666667,0.5,70,0.14888464573792654
0.8327295923114044,663.1605123830087,62.09310142710071,0.323943661971831,0.4117647058823529,0.5,65,0.8387212000199411
0.2829207424630009,526.2360324671832,119.4353827325015,0.2545454545454545,0.5,0.0,66,0.24289878505382523
0.6521692926093069,486.67733384298225,116.33941679786649,0.36923076923076925,0.6451612903225806,0.0,58,0.6783144120836819
0.4745908876548507,522.166661988537,151.35736874163868,0.25,0.5,0.0,65,0.46888154233159013
0.587821472196664,562.1352646141987,102.96157014674847,0.2857142857142857,0.6333333333333333,0.0,60,0.5772373383640098
0.5133360510768753,535.5799927419226,114.40921496742163,0.3114754098360656,0.6206896551724138,0.0,59,0.4742505652915846
0.11585510024358825,496.84571741377516,114.28712343477865,0.3269230769230769,0.625,0.0,60,0.12588900746695547
0.625320488360317,521.1011082243207,137.20101403942462,0.421875,0.4,0.0,63,0.6423035264578606
0.8916448310346907,511.0979759089099,103.67821038867595,0.4931506849315068,0.5714285714285714,0.0,56,0.9135979864509918
0.9848990760697898,586.5078532689565,78.31404799810113,0.5128205128205128,0.5555555555555556,0.0,54,0.9694878773763498
0.5438575130170461,563.72424077621,71.01695957555532,0.45161290322580644,0.41379310344827586,0.0,62,0.5937402274282537
0.7159250479259182,541.6933837692316,60.93720778560748,0.40298507462686567,0.65625,1.0,56,0.6704772225767406
0.15659701354200273,511.4704270712469,82.03173256013368,0.2692307692307692,0.48,0.0,67,0.17394006245027402
0.49999199122016613,570.6651154763692,24.27801117498248,0.2459016393442623,0.5714285714285714,0.0,64,0.47001618419429253
0.45672169018374864,527.6697211363797,63.781426498269155,0.3559322033898305,0.6785714285714286,0.0,57,0.4433992242612213
0.7219764755781396,533.8237196831116,77.63924274327184,0.34328358208955223,0.46875,0.5,64,0.7350466456652259
0.36169901936058935,514.6760726685714,76.59174320967296,0.2807017543859649,0.5185185185185185,0.0,65,0.34587307697594877
0.5307584829455827,312.00292562275,33.366635156441795,0.14754098360655737,0.41379310344827586,0.0,78,0.6623858757126437
0.12545465114894838,321.5831768482854,25.207402019161407,0.17307692307692307,0.5,0.5,75,0.17452344550538657
0.3458814483601944,323.9548966069444,33.5436796857993,0.21428571428571427,0.5555555555555556,0.5,71,0.28960291716884495
0.6419500630393704,333.3486657748366,28.55744105368945,0.15384615384615385,0.5666666666666667,0.0,73,0.6264725352789609
0.021892401426420127,310.05494650404086,41.98659765582357,0.12,0.2608695652173913,0.0,85,0.1708636984290858
0.6211839422982977,325.0681931623331,38.16396347462446,0.125,0.5,0.0,76,0.739039405342989
0.3602364096871833,315.4277519527265,30.500838338154075,0.17543859649122806,0.6296296296296297,0.0,70,0.3413764326101349
0.6476080680166642,316.19505544061036,42.31224445041632,0.23076923076923078,0.5333333333333333,0.0,71,0.6469009466057404
0.45745841459284386,257.38288748452516,130.61878943158047,0.3050847457627119,0.7142857142857143,0.5,62,0.49756611111037374
0.4503171475250116,203.35972894625945,55.844183345667474,0.3050847457627119,0.7857142857142857,0.0,61,0.4260429368259213
0.9260593399789692,281.5746563729759,104.56976677730842,0.25333333333333335,0.6571428571428571,0.0,66,0.9569247724401487
0.8308422061700177,318.8942709628382,135.1919111302675,0.39436619718309857,0.6176470588235294,0.0,61,0.78335125618286
0.3109515342998257,258.2136936003743,106.14674321171219,0.3392857142857143,0.6153846153846154,0.0,65,0.3038376373151657
0.9212125422634034,264.06321006245463,99.10392603617575,0.28,0.7142857142857143,0.0,63,0.8829648250963178
0.8853334765424398,286.1772222695521,127.83970612661393,0.3972602739726027,0.7428571428571429,0.0,57,0.9322284177314779
0.9805893245096817,267.88640241125796,107.34469222628292,0.3974358974358974,0.7222222222222222,0.0,59,0.9477556485944487
0.09584901722967343,389.69671088660414,150.45982861949688,0.35294117647058826,0.6666666666666666,0.0,59,0.12332073407688292
0.7627054912178127,433.5394877433022,106.81082625435968,0.34782608695652173,0.59375,0.0,61,0.7826003732288302
0.3342849949373471,403.83103216308336,140.7040808250703,0.3392857142857143,0.6666666666666666,0.0,59,0.34436005354273524
0.4414410084479441,475.0354769711668,142.83312922761215,0.288135593220339,0.7142857142857143,0.0,58,0.4364717194499696
0.5283570008745038,426.77991146896267,168.64257127013073,0.3442622950819672,0.7586206896551724,0.5,55,0.4881597711816744
0.7840403407106078,416.26451595926676,161.2178687629586,0.4057971014492754,0.6060606060606061,0.0,58,0.8232403570032036
0.5859579867199072,433.5951856603277,143.48629869137588,0.42857142857142855,0.6333333333333333,0.0,57,0.5304837892067589
0.9380543350495472,482.8663004378305,119.59661458833186,0.4533333333333333,0.6944444444444444,0.5,53,0.9371618363078188
0.4544195905809779,239.603109466813,88.22914788776023,0.423728813559322,0.7142857142857143,0.0,59,0.5011008765807871
0.24202513923666613,244.83652313419756,65.60047356757079,0.3333333333333333,0.6538461538461539,0.0,64,0.22819096544629455
0.6682732053368313,263.6204572029858,88.36955417259708,0.4461538461538462,0.7419354838709677,0.0,57,0.6392812094268979
0.5679693176240631,269.72045785943254,65.18048059470708,0.3492063492063492,0.8275862068965517,0.5,57,0.5390810828644489
0.8635605112241503,270.002593181154,120.44504993909356,0.3055555555555556,0.7647058823529411,0.0,60,0.8705190524102275
0.8080503590452259,243.14552746457298,78.95306653117875,0.38571428571428573,0.8181818181818182,0.0,57,0.7845567146319311
0.5224698046324855,277.4068833433796,75.45052454425992,0.36065573770491804,0.7241379310344828,0.0,60,0.4940176652623883
0.8045004261816653,220.14144600110617,64.39875211140875,0.5,0.8181818181818182,0.0,53,0.7947216462726121
0.9953673276566973,255.78187327118195,84.30319517932327,0.3333333333333333,0.5675675675675675,0.0,67,0.9695836413045856
0.21999015551821965,314.70913323803404,166.76188055242528,0.2222222222222222,0.68,0.0,64,0.2577148166427903
0.2408641806045222,269.1118512691229,142.49431184280073,0.2962962962962963,0.4230769230769231,1.0,72,0.19195958988099127
0.5695150925337173,265.0390002733856,107.603204952761,0.36507936507936506,0.3793103448275862,0.0,72,0.4994261383330264
0.488329499059978,254.43452376243843,100.44093749141697,0.3114754098360656,0.5714285714285714,0.5,67,0.5155654000181695
0.2828948159959582,253.3420218787156,112.18615402216226,0.2545454545454545,0.46153846153846156,0.0,73,0.17793942324849926
0.492066144068837,282.12807313087524,112.12920186509285,0.2786885245901639,0.42857142857142855,0.0,73,0.5005709164480052
0.8905014495212252,260.3790422824967,107.75092027001432,0.273972602739726,0.6,0.5,67,0.8667002813662916
0.03555230277248633,189.41627435987618,55.835944936270494,0.36,0.5833333333333334,0.0,66,0.027419862599685103
0.8214191407715578,350.10627341489067,104.12807905537035,0.3380281690140845,0.696969696969697,0.0,60,0.793390409611255
0.5439283566662341,340.39467207300083,114.76838728272777,0.3225806451612903,0.6896551724137931,0.0,61,0.5372494228477587
0.6988495890549609,360.6732029708851,144.5809377638472,0.40298507462686567,0.6129032258064516,0.0,60,0.6553580790076468
0.7234834699450241,327.23006591453344,150.27735510582167,0.22388059701492538,0.75,0.0,62,0.7171287156729158
0.9447241496564728,312.8225622695218,134.00817361218554,0.4666666666666667,0.5833333333333334,0.5,60,0.9626762037209047
0.5204457427187577,372.0994585590264,92.00434851723114,0.3114754098360656,0.7241379310344828,0.0,60,0.5042330304905517
0.8171578783419118,315.3979648233596,108.81187261184742,0.323943661971831,0.7575757575757576,0.0,59,0.82288191794495
0.9591076280281102,220.23282988037673,86.72208700024119,0.3157894736842105,0.5833333333333334,0.5,67,0.939620232820572
0.23228902976268728,195.45652536284342,60.16606862068781,0.14814814814814814,0.64,0.0,71,0.22865046935231523
0.03518063432445073,353.026160738648,239.98780853354347,0.22,0.625,0.5,64,0.0
0.7737751259830723,417.0405593656683,196.50154597030834,0.2463768115942029,0.48484848484848486,0.0,68,0.8220511625826354
0.4619107799635872,299.180875513633,153.52815662382102,0.21666666666666667,0.4642857142857143,0.0,73,0.46852863812186096
0.3381783411934235,411.6602863606415,172.24457072483804,0.26785714285714285,0.5925925925925926,1.0,64,0.2870808476653727
0.5096817947285925,315.4120360984417,131.58348809952614,0.16393442622950818,0.5,0.5,73,0.6115578522005797
0.7322457659204168,364.2355234633092,185.69145257713458,0.34328358208955223,0.53125,0.0,64,0.6694091935475893
0.04614702837812523,520.8723838153708,147.55419856550594,0.22,0.4166666666666667,0.0,70,0.05106510705089982
0.49104156705096713,489.37911002267765,111.35137996195706,0.32786885245901637,0.5714285714285714,0.0,62,0.4459690126517529
0.6715328815579953,545.8127899564312,115.9192589320395,0.36363636363636365,0.5483870967741935,0.0,60,0.662582637732713
0.733439666910258,604.5286590880528,134.6369936727748,0.27941176470588236,0.4375,0.0,65,0.6954721211418655
0.8151249965672936,562.5687564976325,99.10684744230831,0.3380281690140845,0.6060606060606061,0.0,59,0.7797688964994971
0.4855625403529029,553.3259918357348,133.61440061897517,0.38333333333333336,0.5357142857142857,0.0,59,0.5173911503367596
0.5698895296138323,537.8782221352761,134.45998346984732,0.31746031746031744,0.5172413793103449,0.0,62,0.5727408012540594
0.8282557557372641,570.1698127079057,83.39761214666359,0.3380281690140845,0.48484848484848486,0.0,63,0.8397255652497376
0.27092296418918305,428.57422111794693,150.627409526134,0.36363636363636365,0.5769230769230769,0.0,61,0.27574263566031115
0.12785417019032208,348.24005925686197,122.47182402548879,0.23076923076923078,0.5,0.0,70,0.06253321814351213
0.6646166531909738,344.3129825327087,156.19649646526776,0.36923076923076925,0.3870967741935484,0.0,69,0.6814115241327594
0.6072988398364183,399.1367964161765,96.91345173061066,0.3125,0.6666666666666666,0.0,61,0.610695719156206
0.810113482038938,458.58085125323754,144.82432487823198,0.42857142857142855,0.5757575757575758,0.0,58,0.8132597176541949
0.9888245641039302,421.7088526912243,105.64727619033174,0.3974358974358974,0.6944444444444444,0.0,56,0.9974250519381704
0.7583924134275825,414.2052084676165,172.2958010669342,0.34782608695652173,0.59375,0.0,61,0.7255218602482444
0.8694777913319964,480.74916166650655,192.33702928104617,0.3150684931506849,0.5294117647058824,0.0,62,0.8860663333088082
0.9434795387140608,270.9964883817469,84.71482584979834,0.21333333333333335,0.3888888888888889,0.5,77,1.0
0.4541564685385615,265.76273871305847,50.99213773188767,0.06779661016949153,0.35714285714285715,0.0,84,0.6193691121437535
0.30437784216018027,270.8383223922151,73.3553655679136,0.25,0.4230769230769231,1.0,75,0.2800809689301789
0.5677976121669944,220.4372556697072,64.26195334173521,0.15873015873015872,0.4482758620689655,0.5,78,0.7123379935621476
0.035033047825642316,240.15929654077652,74.54467353989993,0.18,0.125,0.0,88,0.18818118876690493
0.6774947137144345,297.4057951455673,72.32938462759061,0.22727272727272727,0.3225806451612903,1.0,79,0.8413284704329166
0.4924179480819657,275.07994240002836,94.11451995350349,0.21311475409836064,0.2857142857142857,0.5,80,0.6223312560005678
0.32890674209654913,283.9037200085133,80.99870518249253,0.05357142857142857,0.2222222222222222,0.0,88,0.478133015502803
0.32872745308339313,438.3837370448527,186.93782411333774,0.21428571428571427,0.6666666666666666,0.0,62,0.2755305419400815
0.807890537026644,502.60622760523216,163.80930143201834,0.2857142857142857,0.45454545454545453,0.0,66,0.8185522862033963
0.330567263739995,420.8793120083926,101.43186946033812,0.25,0.5555555555555556,0.0,67,0.3285917370491247
0.44536604392262735,472.8473117343404,176.0312744266411,0.2033898305084746,0.4642857142857143,0.5,69,0.4143531537454628
0.35683653169158625,561.2484992515042,152.40885465717517,0.21052631578947367,0.5185185185185185,0.5,65,0.35754240892135375
0.8027769160468289,519.1035240001852,121.12996450872384,0.21428571428571427,0.5151515151515151,1.0,67,0.7901635913018543
0.06779595485474865,482.6927020042725,153.04319198878636,0.19607843137254902,0.4166666666666667,1.0,71,0.0018373883809441743
0.9011769315320245,503.8898015389556,101.56196622601918,0.28378378378378377,0.6571428571428571,0.0,60,0.8732593183119317
0.41017636693764614,436.431632122918,42.98931999175657,0.034482758620689655,0.0,1.0,94,0.5557915910760367
0.3336017800071909,420.7765492466045,46.54901339362839,0.017857142857142856,0.0,0.5,95,0.47794580794515484
0.7492978715440164,457.2371830346168,43.752244525407264,0.10294117647058823,0.0,0.5,91,0.8991258342938733
0.5766868709776398,433.7302122584095,47.894204628659516,0.06349206349206349,0.0,1.0,93,0.7094814506693203
0.7835904389500983,433.9384755392633,55.27078125854719,0.07246376811594203,0.0,1.0,93,0.9168599008151184
0.008034965009213524,404.11297054857516,38.93056761220136,0.06,0.0,0.5,94,0.16258201944538492
0.4026720151875516,418.6128794597941,49.153512251106065,0.017241379310344827,0.037037037037037035,1.0,94,0.5360188927707763
0.5477107214372143,440.62015114504806,51.4845052320998,0.016129032258064516,0.034482758620689655,1.0,93,0.6705036943570001
0.6834983630886126,443.6145463847348,70.68626202537266,0.30303030303030304,0.5161290322580645,0.0,66,0.7170699197172676
0.35415002931855855,414.11855722015366,59.23897260536589,0.14035087719298245,0.37037037037037035,0.5,78,0.5004520527111592
0.04041224517481612,387.76064460638554,70.49470279735918,0.18,0.5,1.0,72,0.09255558796996916
0.7139563897573965,415.0809639324665,82.95012637544724,0.22388059701492538,0.3125,0.0,76,0.8688847873267075
0.7722458475984489,448.73815359204855,41.04513700433316,0.3188405797101449,0.5,0.5,66,0.8440399327396483
0.3633622540299458,415.6758204298918,71.33911158070686,0.21052631578947367,0.4444444444444444,0.5,72,0.3998547208687829
0.24412123830168886,432.36341686912044,76.89357243089783,0.2037037037037037,0.6153846153846154,1.0,66,0.23557252002062426
0.14987768961555348,440.67816411573364,81.57388022020248,0.15384615384615385,0.56,0.5,70,0.1437127903964478
0.40315881160548106,409.9139551290417,106.78288053770054,0.05172413793103448,0.14814814814814814,0.0,88,0.5426859570744155
0.10781550492164937,376.4692298106171,101.12218087332792,0.09615384615384616,0.041666666666666664,0.5,91,0.2717472626471053
0.7333162188900291,402.8512838789031,139.10337622482209,0.04477611940298507,0.21875,0.0,85,0.872352921875075
0.007831390992645071,378.5562188876867,137.6181432034131,0.04,0.0,1.0,94,0.16784254813403104
0.0877029249223803,372.6408880709384,108.53648907467773,0.0392156862745098,0.125,0.5,90,0.22408327157289004
0.8798734934479735,394.1336921023202,95.05654972289429,0.1232876712328767,0.14705882352941177,0.5,86,1.0
0.33078410510174105,384.5028288713311,119.08509094527042,0.14285714285714285,0.037037037037037035,0.0,89,0.48319066586866555
0.26766845665257333,349.3807429685539,107.31250801534858,0.07272727272727272,0.038461538461538464,0.0,92,0.41849046557196756
0.12831784160458126,387.4717630348223,73.53441027102774,0.19230769230769232,0.375,0.5,76,0.2764077420506521
0.025302034681562224,421.8252055313342,66.01406925713185,0.18,0.5652173913043478,0.5,69,0.0
0.30680270245071295,422.0975620698748,32.114789507141204,0.16071428571428573,0.38461538461538464,0.0,77,0.4382846674648317
0.8584804835968376,449.861270837588,66.61282916495526,0.375,0.5588235294117647,0.0,62,0.8246004970328475
0.1545996992395995,456.544174483643,58.03761142054751,0.17307692307692307,0.44,0.0,73,0.18863266253053462
0.5833357515992292,410.3334120549669,56.910775501087116,0.25396825396825395,0.7,0.5,62,0.6566824720496892
0.71019483235859,478.9641303270289,84.72550632419994,0.2537313432835821,0.5161290322580645,0.0,67,0.7226938091371018
0.16308775746811843,429.4837202905894,74.61118171415313,0.25,0.52,0.0,68,0.19885133931139626
0.8220585414504129,424.8060622884182,150.25874941291138,0.18309859154929578,0.21212121212121213,0.5,80,0.9864147016511271
0.8914261486095929,475.616520421908,126.43524784074535,0.1917808219178082,0.2,0.0,79,1.0
0.4375263416212519,441.7620637505142,126.90650041314522,0.2033898305084746,0.32142857142857145,0.5,75,0.48267811865392396
0.8669490416507324,463.77293470970193,76.90522583294756,0.273972602739726,0.29411764705882354,0.5,74,0.9088537770640048
0.003790637191235513,442.9295539163753,117.49843332186015,0.28,0.2608695652173913,0.5,75,0.0
0.47399791514027456,417.4071663203519,96.15063563156856,0.13333333333333333,0.03571428571428571,0.0,89,0.6334190914206443
0.547202798430022,497.738678403404,93.4013211958302,0.1774193548387097,0.5862068965517241,1.0,67,0.4956845904678103
0.6389588361066663,465.14902767976656,95.87867908898482,0.23076923076923078,0.36666666666666664,0.5,73,0.6252109110789865
0.7825353047400533,528.6730844800118,36.21555087949442,0.2898550724637681,0.42424242424242425,0.5,69,0.7805106753447029
0.25400836709564345,504.8068669456455,40.68970679021766,0.24074074074074073,0.19230769230769232,0.5,79,0.35849830340090943
0.18668794993042914,483.7461989495034,48.31609135568167,0.16981132075471697,0.28,0.5,79,0.3677112546210607
0.3647989990648456,505.97300845557146,50.571536806436455,0.14035087719298245,0.37037037037037035,1.0,76,0.5120153960166847
0.6333916546828376,528.4030949219824,36.7521272926426,0.27692307692307694,0.5666666666666667,0.0,64,0.6489982629070633
0.5433728366884989,525.0883664582191,55.396111222382864,0.25806451612903225,0.3448275862068966,0.0,72,0.4344861630129503
0.05509912791739846,485.53003705622973,37.01248893199865,0.18,0.375,0.5,75,0.07363314314313663
0.37621253345223526,518.1878019182094,37.76446569558759,0.12280701754385964,0.5925925925925926,0.0,69,0.4165260608399043
0.186161984768492,423.8755589763125,153.46888987236804,0.2830188679245283,0.68,0.5,60,0.17268048006807932
0.4378440915074402,428.5586815293022,207.70038345156635,0.22033898305084745,0.75,0.0,59,0.3707861210771373
0.828601467190648,433.83377010974476,271.5769975948855,0.4084507042253521,0.6176470588235294,0.0,56,0.800756298199173
0.6246811257327856,365.81907707492485,140.84425251518238,0.3125,0.5333333333333333,0.0,66,0.6546033026137431
0.42211013980949574,311.33940289857316,93.32620983085138,0.2413793103448276,0.5714285714285714,0.0,69,0.3787632984145599
0.38923518693441894,355.69389996851936,199.57450287195974,0.3103448275862069,0.6296296296296297,0.0,62,0.4470902362281823
0.5350238985083321,452.3904237435187,210.74788439817792,0.32786885245901637,0.5517241379310345,0.0,61,0.5499365016599583
0.7252298620902822,317.1302608181199,155.34705749514043,0.4925373134328358,0.65625,0.0,56,0.7079872295425754
0.004582041966968986,569.0255483730074,44.762242339741874,0.3,0.7391304347826086,0.0,56,0.0
0.8489648706573153,640.8232641095793,56.47438742658432,0.2638888888888889,0.6764705882352942,0.0,58,0.8789724540496683
0.7443588325926249,617.010246917933,48.5456656667405,0.35294117647058826,0.5625,0.0,59,0.8411160244953044
0.43188256895229926,603.4156410207273,102.95669746463325,0.15517241379310345,0.6071428571428571,0.0,64,0.35450233596037295
0.4436379267809334,576.7434642842868,77.05436658337962,0.1864406779661017,0.42857142857142855,0.0,70,0.48673045023185907
0.40923677599492747,562.0309735280097,90.13638655014009,0.20689655172413793,0.6071428571428571,0.0,63,0.42261124701444575
0.8487425515452046,618.9339598113129,71.69044398584013,0.3888888888888889,0.5588235294117647,0.0,58,0.8803961853137049
0.8555390901054624,584.1641016926292,85.28455657495334,0.3472222222222222,0.6470588235294118,0.0,57,0.8245235886764536
0.5739078139926144,294.09579651969887,71.0869301966347,0.31746031746031744,0.4482758620689655,0.0,71,0.5144164173656129
0.8939138675739186,332.6526305058436,83.4226039605168,0.3013698630136986,0.42857142857142855,0.5,71,0.8718298133044509
0.486905876489645,284.51987058677514,67.8111200433774,0.26229508196721313,0.39285714285714285,0.0,75,0.43787936512116377
0.5294737790955398,296.92981285467147,75.59033306041825,0.4918032786885246,0.41379310344827586,0.0,66,0.5062779168569052
0.7019254355807535,317.23907590841924,60.42012333822485,0.31343283582089554,0.6129032258064516,0.0,65,0.7025903442172299
0.7888403593836312,325.40488537750457,72.74305029665366,0.30434782608695654,0.5151515151515151,0.5,69,0.8650026080517376
0.5369824007482408,324.3200609708947,74.20341578492494,0.27419354838709675,0.4482758620689655,0.5,72,0.5402923310048657
0.7283168772709482,327.2300528370121,76.61162818624865,0.3283582089552239,0.46875,0.0,69,0.708481733471993
0.13286427237277,354.5233272710184,123.0065017429873,0.23076923076923078,0.75,0.5,61,0.1064517546488701
0.4872472190760754,430.9124153997305,250.56617248462706,0.2786885245901639,0.5,0.0,65,0.43511871919995343
0.21133870966737078,361.91622918793934,153.98337202905142,0.2777777777777778,0.44,0.0,70,0.2405225755210394
0.6669365905535108,362.9428285325349,153.16010762992647,0.4,0.5483870967741935,0.0,62,0.7062856555483316
0.3867911057931329,284.03850026770044,148.39481582228765,0.3620689655172414,0.6296296296296297,0.5,62,0.34097539231344165
0.6813311060228424,378.3760627845488,172.29839696075277,0.21212121212121213,0.5806451612903226,0.0,67,0.7237511783403188
0.6176697651551887,440.5874522684853,182.65455530875354,0.375,0.7,1.0,55,0.5609743129588423
0.7657368268999366,378.88005027008035,174.63635259582574,0.4057971014492754,0.71875,0.0,55,0.7402765408942081
0.9901147681880086,550.6723612543014,240.86750833953974,0.5769230769230769,0.8333333333333334,0.0,40,0.8529303407947271
0.7103135631698614,386.00729709055685,182.26381296575045,0.373134328358209,0.7096774193548387,0.0,56,0.754721175760211
0.46642554671644965,1088.4803721311782,150.0,0.43333333333333335,0.9642857142857143,0.0,31,0.34039579311691515
0.6110832114871639,481.56743484771323,99.76394508773868,0.5,0.7666666666666667,0.0,49,0.6150866405506255
0.1432217911738699,468.60354035409256,142.13892166116756,0.4423076923076923,0.68,0.0,54,0.15398881815538912
0.34751443550541805,540.7118655883868,262.3325020721061,0.375,0.8148148148148148,0.0,48,0.3584133811003408
0.6050644223033039,651.0337349360645,199.47353360595898,0.47619047619047616,0.8666666666666667,0.0,41,0.4501699667009666
0.9983493770732285,437.29610822925196,157.37222557865937,0.5512820512820513,0.7567567567567568,0.0,48,1.0
0.7388166719659133,514.0314200357153,82.91383277693406,0.36764705882352944,0.40625,0.5,66,0.7405980024524956
0.34485831417028756,470.93647153460944,101.72964913954719,0.21428571428571427,0.48148148148148145,0.5,69,0.3852425000970228
0.9864147429511829,478.75334438433583,114.30161557790557,0.32051282051282054,0.5,0.0,65,1.0
0.13865981814882533,417.5077911107056,69.33382555436785,0.1346153846153846,0.4,0.5,77,0.29657641726135275
0.594808053262305,492.71083248179895,132.05861608131474,0.23809523809523808,0.5,0.0,67,0.5839699862588938
0.43829910089016855,463.7196897412319,80.3180445306684,0.288135593220339,0.32142857142857145,0.0,73,0.4422703960992515
0.2580555466266473,465.75471759348835,75.92883125219313,0.3333333333333333,0.5769230769230769,0.0,62,0.2612092440464012
0.5112454453132061,441.18176624526086,100.83933714510115,0.36065573770491804,0.5862068965517241,0.0,61,0.48046930350637934
0.36850824322655085,420.50174965016356,155.54091847893952,0.3333333333333333,0.8148148148148148,0.5,54,0.3420118561712096
0.7475323052683179,427.40367126171907,140.33280600854022,0.4411764705882353,0.78125,0.0,51,0.7296016493762963
0.875592311862457,442.15106555361643,183.02311266805765,0.4383561643835616,0.7941176470588235,0.0,50,0.8490213289099874
0.2596740957151731,245.89611376501693,82.53675799933302,0.3333333333333333,0.8461538461538461,0.0,57,0.22797276345476686
0.3024166928184894,452.5479952794301,207.21959432519682,0.30357142857142855,0.7692307692307693,0.5,55,0.31018023466168
0.4256186395091105,434.8882173143023,199.4153104440073,0.39655172413793105,0.8214285714285714,0.0,50,0.46398579340699686
0.006955290947421977,343.0517786580681,51.909443056537455,0.34,0.8695652173913043,0.5,55,0.054480003670896206
0.05052050914692374,324.67767030565034,95.14459140415012,0.12,0.875,0.5,62,0.06451850814966276
0.21049779806235425,428.7185747189979,139.86045821474227,0.3333333333333333,0.72,0.5,57,0.1632025604223024
0.21799826523186427,448.1672941565643,103.88549740416117,0.3333333333333333,0.48,0.5,66,0.27764239086729126
0.4795894412099653,423.6409930828778,84.4513761376083,0.36666666666666664,0.5,0.0,65,0.4935577272946607
0.5576841775497331,510.0740449499371,101.06315564132736,0.2903225806451613,0.5862068965517241,0.5,62,0.4844603425714386
0.8315547584679034,503.36003288805483,83.3186146163688,0.323943661971831,0.6470588235294118,0.0,59,0.8467477782649523
0.9463080267715174,498.37763724571516,90.36858778000396,0.4,0.6111111111111112,0.0,58,0.9482692413230129
0.3884269712314816,455.4719303009379,93.610413857349,0.29310344827586204,0.5555555555555556,0.0,64,0.40974507955200545
0.22504058647099512,426.09621983194114,123.93635886370078,0.3333333333333333,0.44,0.0,67,0.24795127773854583
0.15134506420559524,445.2159688848758,106.02323859585819,0.15384615384615385,0.52,0.5,71,0.13279447969368474
0.9310699321055602,534.1926816468363,100.5367014108123,0.32,0.5142857142857142,0.5,63,0.9314400823515551
0.0799700377607987,376.55686197382806,89.80074157045661,0.17647058823529413,0.375,0.0,77,0.22026378062123864
0.5761842838280005,429.8895946995158,121.00012250617678,0.14285714285714285,0.3103448275862069,0.0,78,0.695115124710602
0.18730227280810208,410.65722385174297,81.69374586766847,0.16981132075471697,0.36,0.0,77,0.3279444548526147
0.46130957919619686,440.182349098911,132.90580362226777,0.15,0.39285714285714285,0.0,75,0.5079218153985703
0.0912685045915218,406.0354070553354,128.62287937605487,0.19607843137254902,0.4166666666666667,0.5,73,0.07541776841517986
0.9361185857045947,464.8267546098882,84.52609999245486,0.25333333333333335,0.5277777777777778,1.0,67,0.9674254676801383
0.6340605649101204,268.13382228917493,89.44121751298378,0.15384615384615385,0.26666666666666666,0.0,83,0.7809001095638154
0.47846974708440926,311.3000911063443,122.56340936699014,0.15,0.21428571428571427,0.5,84,0.6557939610429208
0.405436751684094,286.16104722715625,91.5176320090041,0.1724137931034483,0.2222222222222222,0.5,84,0.5619148966991259
0.8282681414620064,261.7009116536015,108.52489000946534,0.18309859154929578,0.3333333333333333,0.5,80,0.9805580028396839
0.8436084318186079,304.6376775021015,97.83457036071013,0.1267605633802817,0.20588235294117646,0.5,86,1.0
0.5736110941220729,272.0429380793313,88.22038503260482,0.20634920634920634,0.3793103448275862,0.0,78,0.7378306755684618
0.4396747239673441,263.787747760756,84.86757496229141,0.23728813559322035,0.39285714285714285,0.0,76,0.6344252382882167
0.6579348380351422,272.5846925717641,89.81197837600148,0.13846153846153847,0.3225806451612903,0.5,82,0.7710827965392718
0.46331836475051824,521.7488519351618,65.03065726250962,0.31666666666666665,0.8214285714285714,0.0,53,0.49534590337997353
0.2501170432314377,519.0142166571227,79.70884873340489,0.2962962962962963,0.6923076923076923,0.0,58,0.29173056103697165
0.771638545654519,526.6126203119434,57.84872589077269,0.391304347826087,0.71875,0.0,54,0.7427079739047567
0.0781085882023449,471.933550241237,39.7615097481317,0.17647058823529413,0.6666666666666666,0.0,65,0.12768939243038607
0.06605421043467596,451.82588302495753,94.35734241220744,0.22,0.625,0.0,65,0.09856746760047452
0.6412865718364723,490.24516511483193,77.40724564180242,0.3076923076923077,0.7,0.0,58,0.6585500090338763
0.17938277392037905,524.8820591564235,85.42397383165732,0.22641509433962265,0.6,0.0,64,0.1590144185057364
0.3157361138770354,512.3814590794822,114.10067063359863,0.375,0.7307692307692307,0.5,54,0.2731457342020264
0.8380839072365727,399.5933534974189,206.34011205433626,0.23943661971830985,0.3235294117647059,0.0,74,0.8481327912412038
0.2396059389659968,307.359605518106,94.26084418347311,0.09259259259259259,0.5,0.5,76,0.35354769194114427
0.20495384081995405,368.93692790377344,136.56653337100283,0.2037037037037037,0.28,0.0,78,0.34471463484073356
0.4027718159394834,363.52485256878015,122.11493187578631,0.22413793103448276,0.25925925925925924,1.0,79,0.5713130715885504
0.9206259130693544,361.4225232751622,150.55972601053185,0.30666666666666664,0.45714285714285713,0.5,68,0.9540318007970053
0.8737572517617174,409.1600871049463,148.84317141404995,0.1917808219178082,0.35294117647058826,0.5,75,0.8548473064055913
0.1276907391708335,418.8838305457356,100.05339978210007,0.17307692307692307,0.20833333333333334,0.0,81,0.27653884056508504
0.5717768264175125,340.4802654385016,142.24617166716533,0.20634920634920634,0.41379310344827586,0.0,74,0.570388735237038
0.15290828935986644,558.0438024104639,128.00073640449617,0.19230769230769232,0.4,0.5,71,0.11930664030868318
0.771804971810675,612.7953828094115,94.03870746820314,0.17391304347826086,0.3125,0.5,74,0.8296056765053874
0.07770619135839651,579.3745921578559,70.71560700663193,0.09803921568627451,0.375,0.5,75,0.07545491630487505
0.30275243707129806,575.8317118849196,86.13630058569733,0.2857142857142857,0.3076923076923077,1.0,71,0.2653444753361995
0.30837908271424774,583.8215926419559,95.01993088440008,0.30357142857142855,0.34615384615384615,0.0,69,0.27038684311612526
0.13298213291543126,582.1130102978773,60.19335225712163,0.19230769230769232,0.25,0.5,77,0.2794976300306263
0.9379575642213309,625.449014608729,100.60462098370509,0.28,0.3333333333333333,0.5,69,0.9242331042394715
0.9548774475246927,677.5177943474471,74.83870629752532,0.25,0.2777777777777778,0.5,71,0.9942003961703397
0.5326775034307025,444.14169439433545,87.15129500906116,0.14754098360655737,0.41379310344827586,0.5,75,0.5379194854807493
0.7974228921912114,417.50592613898084,89.80560123343335,0.11428571428571428,0.36363636363636365,0.0,78,0.9386286802201022
0.4472979758207548,368.88455541743343,92.78838357017206,0.2033898305084746,0.32142857142857145,0.5,78,0.6129480080596859
0.407953203977674,390.3278202901013,92.67821509303036,0.1896551724137931,0.35714285714285715,0.0,76,0.5168621800676934
0.21830299038343404,469.3667383193303,99.41284192337785,0.14814814814814814,0.2,1.0,82,0.3843845671995611
0.785744879742112,432.80856913926715,85.66459216683378,0.15942028985507245,0.36363636363636365,0.5,76,0.9384340784389169
0.8147832846136664,427.9202092035842,84.51301957116783,0.23943661971830985,0.30303030303030304,0.5,76,0.9316566260688495
0.15026698837048458,439.6799107181801,81.85598820534659,0.1346153846153846,0.44,0.0,75,0.16798801551604842
0.11188041661527015,455.27066411709365,60.749005919395486,0.1346153846153846,0.08333333333333333,0.5,87,0.25573651007433407
0.43059989387531605,454.890805525449,61.58652065214443,0.1724137931034483,0.14285714285714285,0.0,84,0.5787361601886537
0.12254877484218041,449.80633921912136,59.97878173965807,0.15384615384615385,0.08333333333333333,0.5,86,0.2701069868623831
0.12906486904538184,446.90080796823446,64.22435091965158,0.11538461538461539,0.125,0.5,86,0.2942883039229298
0.941468130644787,476.2894141090017,72.7052397697347,0.17333333333333334,0.08333333333333333,1.0,85,1.0
0.6367808266067183,439.4426010671685,66.28012828547745,0.2,0.23333333333333334,0.0,80,0.7564601591602441
0.9312919223660913,509.77188584137485,78.03161047697199,0.21333333333333335,0.14285714285714285,0.0,81,1.0
0.6899355621147283,469.8786100319584,65.42002553118195,0.06060606060606061,0.16129032258064516,0.5,87,0.8249625971993335
0.9713287608676008,347.67743369245306,92.44624421708984,0.33766233766233766,0.6388888888888888,0.0,62,0.9533045557927656
0.5900956693766444,289.6928647881334,85.89223413711356,0.2698412698412698,0.5,0.0,71,0.5725189978288991
0.94158189275059,346.3851364102837,101.00125364606775,0.3333333333333333,0.6111111111111112,0.0,63,0.9410177783784068
0.0696009281289619,245.56225600612527,83.9218520928403,0.19607843137254902,0.5416666666666666,0.0,73,0.13573894599218994
0.5289391944917873,300.7475259290137,58.821513809093226,0.2459016393442623,0.6206896551724138,0.0,68,0.5244709225807793
0.9980023330002281,300.34983605769395,61.87296284064189,0.1794871794871795,0.43243243243243246,0.0,76,1.0
0.7438420035138416,267.98862233462006,63.450661623721345,0.29411764705882354,0.4375,0.0,73,0.7438557090466346
0.09896473688370233,344.89763078939177,84.53520626157601,0.19607843137254902,0.5833333333333334,0.5,69,0.030739992825081983
0.8512988141246439,578.736672955238,87.28570704757998,0.3194444444444444,0.3235294117647059,0.0,69,0.8042868759840007
0.653507578922459,546.9401905235986,63.61175434193611,0.2153846153846154,0.12903225806451613,0.0,81,0.8278197544394348
0.9870416069584412,548.084058238984,80.9085118128963,0.23076923076923078,0.25,0.0,76,1.0
0.4855446195182148,537.4796995854906,66.45406969446121,0.2,0.2857142857142857,1.0,76,0.6312627473648454
0.606269668824885,544.8682685389139,76.87656017574417,0.265625,0.3,1.0,73,0.5704182501514702
0.8909809309091558,566.0309344714708,73.75965857082042,0.1917808219178082,0.2571428571428571,0.0,76,0.9870990683144089
0.21172414763533254,531.4490671527254,74.15725725978967,0.16666666666666666,0.2,1.0,80,0.3813978041716933
0.4868504645286379,558.801988329598,54.69050000507779,0.13114754098360656,0.21428571428571427,0.0,80,0.6547483044610893
0.9683591019393415,462.88997263803884,137.57058593112706,0.37662337662337664,0.5833333333333334,0.0,60,0.964992948734211
0.8224097809647652,492.2100577990923,185.30232509858016,0.4084507042253521,0.696969696969697,0.0,53,0.7422941721924718
0.12311561428707196,494.47569510339235,163.9023074062163,0.23076923076923078,0.625,0.0,62,0.12890871141707555
0.6119760395572424,502.4618562411446,159.47671436843996,0.296875,0.6666666666666666,0.0,58,0.6187599507965524
0.36722539763143713,504.0649809750755,97.77224255837453,0.3157894736842105,0.5555555555555556,0.5,63,0.41193304910240885
0.3565739878436618,468.30341051979536,105.67085792239521,0.3684210526315789,0.5925925925925926,0.0,60,0.2884164447918424
0.19551783098730746,446.1552587271252,115.2050384812888,0.32075471698113206,0.72,0.0,58,0.1870792447630232
0.2817570724421854,423.8577132430966,166.48859431437955,0.2727272727272727,0.6153846153846154,0.0,62,0.3392001454010339
0.14262175250278164,423.54440342395645,117.51802341377088,0.17307692307692307,0.52,1.0,70,0.15476955716025387
0.3444287117470374,424.3280943475416,125.47650246515686,0.08928571428571429,0.5185185185185185,0.5,73,0.35352728141636974
0.847756032813693,461.16719997427236,127.13001613766974,0.3194444444444444,0.38235294117647056,0.0,69,0.8294126231368468
0.09213206440870003,345.05056194860066,95.50616120110422,0.21568627450980393,0.4583333333333333,0.0,73,0.08533333521047716
0.7743605557940754,452.00816857847707,135.70276951680248,0.30434782608695654,0.3333333333333333,0.0,71,0.8579792759452125
0.15255704449361063,380.6797822651176,92.59038427617912,0.1346153846153846,0.36,0.5,78,0.2986942092260986
0.3277126993069347,359.7964362550277,98.1069116551703,0.19642857142857142,0.5185185185185185,0.0,71,0.3133344525389593
0.7819469321147912,413.9598839137217,96.75493308533765,0.2463768115942029,0.5151515151515151,0.0,68,0.8195339967540269
0.08128564998128607,549.8478684700669,68.87679780525634,0.17647058823529413,0.3333333333333333,0.5,75,0.043653422959485544
0.6505844163476546,643.7154615783838,45.019847854668,0.16923076923076924,0.5806451612903226,0.0,65,0.6265758581448377
0.5096652896859597,656.130707350067,63.67986781746855,0.26229508196721313,0.6071428571428571,0.0,60,0.5887421912419143
0.6870910611193153,639.2193096701014,64.49441375001638,0.15151515151515152,0.45161290322580644,0.5,70,0.68110611599432
0.7842189504700922,622.4961041525158,49.093211879740046,0.30434782608695654,0.42424242424242425,0.5,66,0.8518456754498385
0.6642851029281404,610.4964847878339,52.757097689380075,0.35384615384615387,0.4838709677419355,0.0,62,0.6309165172264746
0.19431857241682393,606.0632565906624,69.73926186257758,0.24528301886792453,0.44,0.0,67,0.16119111651363105
0.7871432171296435,598.5952513447638,70.08236701709988,0.30434782608695654,0.5454545454545454,0.5,62,0.7644283757915087
0.7910714608691142,301.0820232649731,90.04700426627711,0.4492753623188406,0.7272727272727273,0.0,56,0.8079507252815432
0.3485272698897589,367.6698490673178,104.77875448481244,0.23214285714285715,0.5555555555555556,0.0,68,0.3251042481422371
0.7657879110959548,387.5560151363031,108.4007896561728,0.2753623188405797,0.59375,0.0,65,0.8051262107705321
0.657991060745581,364.18789170753075,157.55033189949103,0.26153846153846155,0.5806451612903226,0.0,65,0.7503421979861306
0.5306432522901359,339.1773872639264,107.90584623708313,0.2786885245901639,0.7586206896551724,0.5,60,0.48259580928886525
0.02876790789902406,470.5524606370927,65.63194059185784,0.18,0.8260869565217391,0.5,59,0.011651556437936961
0.8617891006255669,411.13720606877405,170.81375832793935,0.3888888888888889,0.6470588235294118,0.0,58,0.8959139600599596
0.029961864583897935,440.6315604047864,130.4095943561707,0.28,0.6956521739130435,0.0,60,0.018729549777732654
0.5090683030199773,510.6342928470807,126.66609540202953,0.32786885245901637,0.75,0.0,55,0.5310518637422608
0.8818274860363836,485.662376321286,134.449713273088,0.3287671232876712,0.7428571428571429,0.0,55,0.8472712159866955
0.21108133902823578,404.87757112948765,114.85816026128998,0.24074074074074073,0.6,0.0,65,0.22675560335428038
0.00509821292348045,445.0459002379348,163.25383252714138,0.18,0.5652173913043478,0.0,67,0.0011977158894456497
0.6125281399470766,502.32108296236936,162.9728652412784,0.28125,0.7666666666666667,0.0,55,0.6210019811193408
0.03905204184401112,408.5202497504055,114.59387734778251,0.22,0.5416666666666666,0.0,68,0.10543830293397001
0.05253509555558089,481.0778058987432,144.36277388617316,0.26,0.7083333333333334,0.0,59,0.04629823882664793
0.8280693442942996,513.2895211883565,127.52268314090544,0.3380281690140845,0.696969696969697,0.0,56,0.8332329357993342
0.43735066128513334,314.78285474901105,156.3379125382124,0.2711864406779661,0.7857142857142857,0.0,59,0.468038171958669
0.6701688864427799,355.77551394393055,87.68227373341892,0.4153846153846154,0.7419354838709677,0.0,56,0.6650891674886985
0.30859390819154164,263.78045375368924,80.72199262011956,0.375,0.5769230769230769,0.5,65,0.4035326491869119
0.0992781548962881,277.04870340830706,97.05705200317472,0.3137254901960784,0.7083333333333334,0.0,62,0.12700343095311473
0.5683718020167696,234.3534185578583,92.73813896291993,0.4126984126984127,0.5862068965517241,0.0,63,0.5844019414123421
0.355055576630916,289.9258097442548,85.08098009088168,0.3508771929824561,0.7037037037037037,0.5,61,0.3245320343098067
0.7704867760931912,304.38247518206657,138.67976230706734,0.42028985507246375,0.8125,0.0,53,0.7303320377383715
0.58471514556755,318.81478463273845,95.16540732219909,0.36507936507936506,0.6666666666666666,0.0,61,0.6208428230657159
0.8156116917003825,248.9481790801488,40.49247747289814,0.19718309859154928,0.15151515151515152,1.0,87,0.9924201204637518
0.3688112908201595,243.4469647917345,39.05325660546968,0.10526315789473684,0.07407407407407407,0.0,93,0.49480495668262614
0.14393748186671362,231.60273558268403,44.91819391761322,0.09615384615384616,0.16,0.0,90,0.30066938623201706
0.9180768847984504,258.99151441955877,39.79175242431076,0.18666666666666668,0.2571428571428571,1.0,84,1.0
0.8087183089203177,248.66732230232762,46.27829247786911,0.21428571428571427,0.21212121212121213,0.5,84,0.9287371335361765
0.05826356553071321,238.54921427353847,31.085040287485658,0.1,0.125,0.5,92,0.2332876376048302
0.13661039141919606,236.65313407813247,50.19056051265173,0.09615384615384616,0.12,1.0,92,0.2808510711449159
0.25622504595731455,236.55056046465575,43.94594366810712,0.05555555555555555,0.19230769230769232,1.0,91,0.4281784644551497
0.10380456460417009,363.34410942498806,99.81118278426248,0.1346153846153846,0.7083333333333334,0.0,66,0.005526373450946434
0.15174034294327243,397.15150203024746,89.95859352192014,0.23076923076923078,0.56,0.0,68,0.17205873868156876
0.007980406982189048,501.59141327588287,105.08558051903307,0.22,0.7391304347826086,0.0,59,0.0
0.29848864907493444,455.6235646610637,61.88791423334776,0.26785714285714285,0.6923076923076923,1.0,61,0.2294588260595354
0.6948745883996346,460.55114239659974,113.58800309822524,0.34328358208955223,0.7096774193548387,0.0,57,0.753011505700721
0.9418640352970935,398.82572990413354,48.35016628640974,0.41333333333333333,0.75,0.0,55,0.9582361349597253
0.6136708614339554,395.36808786550097,128.22436604348266,0.34375,0.7666666666666667,0.0,56,0.5796498545124789
0.6946768159684144,466.1159251828581,107.57171967785587,0.2835820895522388,0.6451612903225806,0.0,61,0.6923324035770916
0.24902649485842399,445.97629917487313,81.66084616320474,0.09259259259259259,0.11538461538461539,0.5,87,0.38301982332296713
0.7989827380135536,469.3718381202601,108.84059965350347,0.08571428571428572,0.12121212121212122,1.0,86,0.9511430795361776
0.35376285733507495,470.43170486432126,114.25860689460444,0.10526315789473684,0.0,1.0,90,0.5270694902300381
0.9408190205035947,475.6488875835254,86.05504953208548,0.16,0.1111111111111111,0.5,84,1.0
0.29696299681451055,413.31282851179094,83.03709077884871,0.08928571428571429,0.038461538461538464,1.0,91,0.44929679563687
0.11561386126705608,412.54274566815667,112.69679990309295,0.057692307692307696,0.0,0.0,93,0.25861771447091314
0.2502797086996107,406.61912776546006,80.7272150922292,0.05555555555555555,0.07692307692307693,1.0,91,0.42094172597385354
0.48621344363783947,432.5719460598545,103.84423607780607,0.03278688524590164,0.07142857142857142,0.0,91,0.6098071917482879
0.34105782352651226,416.30271132298446,72.49225145767404,0.125,0.07407407407407407,0.5,88,0.4959365310063347
0.5608539237162152,397.50372994427516,80.27862691900218,0.12698412698412698,0.27586206896551724,0.5,81,0.7317333171169346
0.23334011111919373,398.91342152553926,82.05505800012715,0.07407407407407407,0.23076923076923078,0.5,85,0.40143689129781435
0.10313978062796325,399.73381997333723,69.94762724545873,0.11538461538461539,0.20833333333333334,1.0,84,0.2596740972263491
0.6061030790841444,423.9215296228231,92.64283135243915,0.140625,0.2,0.5,83,0.7385114596050316
0.3524287250970326,438.31837958643746,88.7866600469662,0.14035087719298245,0.2222222222222222,0.5,82,0.5268284867123801
0.684281091474667,409.72677351509145,77.99490451043654,0.07575757575757576,0.25806451612903225,0.0,84,0.8170827047992946
0.8418495583579457,437.3478153463724,65.24399706308728,0.16901408450704225,0.2647058823529412,0.0,80,0.9646358061727952
0.9552644430526931,550.6286108167068,114.26683929340122,0.2894736842105263,0.4444444444444444,0.0,66,0.9481930287122001
0.025268695006752884,511.6956948716122,161.3255451606055,0.12,0.2608695652173913,0.5,78,0.14993311671709034
0.24126076459642187,441.7688195409543,155.75345893855848,0.18518518518518517,0.19230769230769232,0.5,80,0.39175786866881335
0.596473076188731,508.519721685218,150.34792340936372,0.20634920634920634,0.4666666666666667,0.0,68,0.6156430664670928
0.6740004742097874,524.9008738553548,121.13098563969977,0.10606060606060606,0.45161290322580644,0.5,73,0.6596295102193283
0.6335750615261581,522.4485108588214,132.79104411639938,0.23076923076923078,0.4,0.0,70,0.6319114109800839
0.09808522145410692,565.106938823605,161.72194622906085,0.23529411764705882,0.5416666666666666,1.0,63,0.06640289811804151
0.4091529952266434,497.95967714601375,147.61099781671962,0.1206896551724138,0.42857142857142855,0.5,73,0.36716652655996873
0.8130137044462169,413.92323371675025,53.153733652461774,0.16901408450704225,0.30303030303030304,0.0,79,0.9563968276770621
0.7512803475574027,400.9022261028017,71.1281457567232,0.20588235294117646,0.15625,1.0,83,0.9121209470447921
0.536395989581346,375.01884244914174,73.91966741803,0.14516129032258066,0.20689655172413793,1.0,84,0.6674983654284173
0.8821197270284324,379.0407579710282,61.51568765499253,0.2602739726027397,0.17142857142857143,1.0,81,1.0
0.46330961484809285,352.7236247160815,46.83182292615896,0.2,0.25,0.5,81,0.625192315371752
0.8171162285414904,395.3972950580527,50.819038540430185,0.18309859154929578,0.12121212121212122,0.5,85,0.9841815473092589
0.1171903586616766,370.05116167009925,39.33225817155026,0.3076923076923077,0.125,0.5,82,0.24588351137812176
0.5687344238761367,387.41231125843666,60.971741205166296,0.2222222222222222,0.2413793103448276,0.5,80,0.7291814622736629
0.4194973389221014,390.0219661505601,75.92065838289396,0.08620689655172414,0.10714285714285714,0.5,89,0.5824186621520799
0.6423805386379661,361.6472444498132,106.49472794667729,0.1076923076923077,0.13333333333333333,0.0,87,0.791542208180819
0.6885535544313558,373.2133774381455,108.77350012388419,0.12121212121212122,0.12903225806451613,1.0,87,0.8507245476404686
0.58282069622743,344.67556640023986,83.86786720341837,0.12698412698412698,0.16666666666666666,0.5,86,0.7506828938677177
0.37558496800847907,359.73285061130264,91.80368266117208,0.10526315789473684,0.037037037037037035,0.5,91,0.5391059031179549
0.4954493462370021,357.2201392270199,99.9615974101884,0.04918032786885246,0.10714285714285714,1.0,91,0.655101968386492
0.8057620149153618,365.3729977656407,100.31117516226057,0.08571428571428572,0.09090909090909091,1.0,90,0.9352632133988049
0.4102025222588125,364.2877891295738,94.13749897700113,0.10344827586206896,0.07142857142857142,1.0,90,0.5846650035432133
0.8362935788403288,536.9166395000786,187.88755127037746,0.43661971830985913,0.5882352941176471,0.5,55,0.8516198601796654
0.15813990742834494,467.03413740787266,146.68919318028412,0.23076923076923078,0.68,0.0,61,0.16986135237793562
0.9898546007325697,433.55616554639414,169.97811625736728,0.34615384615384615,0.4722222222222222,0.0,65,0.9606426194384194
0.5225767403356804,503.6052325872591,178.80250849653453,0.26229508196721313,0.3793103448275862,0.0,69,0.5286387452567958
0.5833902416473249,446.93712251029336,123.3224778205558,0.38095238095238093,0.6333333333333333,0.0,58,0.6347324224719777
0.00022074899240698276,418.41002688908617,173.79922536131753,0.32,0.5217391304347826,0.0,64,0.0
0.8647209624690462,506.7488820634418,141.98976487729792,0.3835616438356164,0.5588235294117647,0.0,59,0.8917528169387715
0.055522714989386324,403.1491031665599,242.5245660332863,0.24,0.5833333333333334,0.0,64,0.1259988235880077
0.4675692182213923,546.776857538797,91.88177509756113,0.3,0.7142857142857143,0.0,57,0.4918403477757507
0.5195018097219514,563.4280496977663,68.52079743334001,0.21311475409836064,0.8620689655172413,0.0,55,0.5768309878548792
0.35738738423686833,531.015483558916,69.20407742234781,0.2631578947368421,0.8518518518518519,0.0,54,0.3072313596156941
0.2183938306155676,614.4105944074839,29.410653289410117,0.2962962962962963,0.84,1.0,52,0.3400515468746534
0.3914849088044089,536.3994768473384,71.15949078187425,0.3620689655172414,0.6296296296296297,0.0,58,0.38635739081391296
0.2967326650251775,527.5009838744021,103.9464005778172,0.2857142857142857,0.6923076923076923,0.0,58,0.26991944445278926
0.9319739463060904,597.7171328152045,41.41299875893457,0.3333333333333333,0.6944444444444444,0.0,56,0.944026619897073
0.5583571024364048,599.2595229425028,62.37041022763788,0.2903225806451613,0.7241379310344828,0.0,56,0.5235483698130591
0.5161023088336875,603.9402518422941,143.04970796200266,0.19672131147540983,0.3448275862068966,0.0,71,0.43779375916952373
0.984207497193158,618.6415987023602,88.45699974554107,0.2948717948717949,0.4166666666666667,0.0,66,0.9624424324460251
0.3422033186294363,549.9483874772175,122.55628243696209,0.26785714285714285,0.2962962962962963,0.5,72,0.29541197730995006
0.35100268178943095,590.5433465304147,112.08895459091104,0.16071428571428573,0.5185185185185185,0.5,67,0.3231594181780268
0.4710743639499294,536.2683505748662,113.49018901732626,0.2,0.42857142857142855,0.0,70,0.5181436492651416
0.12426670460361577,544.852563443978,100.11727257306771,0.21153846153846154,0.5,0.5,67,0.07728586176171695
0.390341604289106,564.1921448498747,119.712826690624,0.29310344827586204,0.4444444444444444,0.0,66,0.37010062747146283
0.883344662322532,585.3015300000866,158.07610783821826,0.2328767123287671,0.37142857142857144,0.0,69,0.8609016787315947
0.5057498841778038,390.75626510523665,165.77296046375614,0.32786885245901637,0.6071428571428571,0.0,62,0.49900779947740187
0.21640866568315642,363.27886177907203,107.45529184131115,0.09259259259259259,0.6,0.5,72,0.27248818207681264
0.1973632032420164,394.7596993683424,144.60024231264683,0.1320754716981132,0.48,0.5,73,0.17856045404520732
0.8869709376043173,447.72375410178313,91.32946928544335,0.3561643835616438,0.4857142857142857,0.0,65,0.8848259671975706
0.42744034065233794,381.88084556396643,196.82786279765602,0.25862068965517243,0.6071428571428571,0.5,64,0.4452143869236136
0.8048661534726393,408.50983404630557,141.3312937244961,0.24285714285714285,0.5454545454545454,0.0,67,0.7583810474017733
0.3625965072081212,378.6607900770181,146.11448742452157,0.22807017543859648,0.5925925925925926,0.0,66,0.36924600705016497
0.3330503817868852,417.4434291942186,82.08611465963205,0.26785714285714285,0.7037037037037037,0.0,61,0.36878105061072697
0.02965942753762063,472.02590074348984,41.755730509923026,0.08,0.30434782608695654,0.5,81,0.20458807522962094
0.9280649082268894,502.755224478698,39.03395713138032,0.16,0.2857142857142857,0.0,78,1.0
0.22261096487024845,480.45712274181017,40.65642005179967,0.16666666666666666,0.2,0.0,82,0.4027515985504591
0.6333674053578335,490.78418930111866,40.70519118689549,0.18461538461538463,0.2,0.5,81,0.7536133877149974
0.7299686792359236,513.640024111816,47.1781574673474,0.11940298507462686,0.375,0.5,76,0.8522531750864663
0.9090987810552481,517.0078061805143,32.80875047039322,0.12162162162162163,0.17142857142857143,0.5,84,1.0
0.9783375392296514,509.4957587158923,35.203668132344674,0.2597402597402597,0.4444444444444444,0.0,69,1.0
0.8617023660356696,503.53535953926524,33.91293272818587,0.125,0.35294117647058826,1.0,77,1.0
0.5762113935642402,568.5229363537021,122.59206885749376,0.30158730158730157,0.13793103448275862,0.5,76,0.7310747693721552
0.19872793542561773,555.5143612951691,127.17225027525673,0.1509433962264151,0.08,1.0,83,0.3466567934156653
0.010555025040928756,542.1748622132263,126.7217821553184,0.12,0.30434782608695654,1.0,77,0.14946421338374552
0.10748677551396368,510.98909055701705,112.24162222005658,0.17307692307692307,0.25,1.0,78,0.2706811035325684
0.589506854493323,555.1228088030675,122.88708390155489,0.15873015873015872,0.23333333333333334,0.5,78,0.7400122250335245
0.22926789114265578,575.6492552078754,110.37118525123616,0.14814814814814814,0.32,0.5,75,0.2952517680554616
0.0913484871603738,548.6786111791121,79.46527279012273,0.09803921568627451,0.3333333333333333,1.0,77,0.26485430663709914
0.33938984475654577,519.1604811527425,116.03919336334617,0.26785714285714285,0.25925925925925924,1.0,74,0.3070352967184596
0.09715290985795877,332.0562688067789,36.08290331559539,0.2549019607843137,0.8333333333333334,0.0,60,0.07569620821282004
0.9718648419570121,344.9465184248083,21.940795123986174,0.4155844155844156,0.8888888888888888,0.5,52,0.9382651333818443
0.5471569903730353,300.9246820639392,48.787227159067456,0.3709677419354839,0.7586206896551724,0.0,59,0.554006342423309
0.9729146744663615,346.2221600302763,35.83079675196571,0.45454545454545453,0.7222222222222222,0.5,56,0.9459333049974222
0.5460047548456047,304.8509209009504,80.76606155716713,0.46774193548387094,0.7241379310344828,0.0,56,0.4962426636272716
0.45975416533431335,350.60874328378105,62.88592236516916,0.3389830508474576,0.8214285714285714,0.0,56,0.45310107700359054
0.5208388566405432,327.28097381260966,64.54244743658722,0.3114754098360656,0.6896551724137931,0.0,62,0.47184737060313836
0.9758173986027063,362.3469270772787,36.720797948008375,0.4805194805194805,0.8888888888888888,0.0,49,1.0
0.7552534983269982,528.2007232279954,118.27174331920138,0.18840579710144928,0.375,0.0,72,0.7442317073812247
0.3367537421064667,532.9157229134876,133.17878402854737,0.26785714285714285,0.48148148148148145,0.0,66,0.35425598089188687
0.8175542330644157,511.2599623074721,131.1148677275496,0.36619718309859156,0.5757575757575758,0.0,59,0.7727834260244547
0.04923058623712617,460.08654466878284,138.28278560317878,0.2,0.25,1.0,78,0.16544024252780448
0.6460450190986642,482.25575095390644,111.77316038972951,0.4307692307692308,0.43333333333333335,0.0,63,0.6558568565641553
0.9881164107285899,490.2327873400894,209.96233559487135,0.32051282051282054,0.6666666666666666,0.0,57,0.9617262636668811
0.9562181937006449,537.9975958141385,130.16164788870182,0.3815789473684211,0.4444444444444444,0.0,63,0.9132158319592962
0.6980498009556328,577.0851787928251,104.4687858406509,0.2537313432835821,0.6129032258064516,1.0,61,0.7502742331581573
0.5289207426828474,424.2407101396549,66.05154163972931,0.32786885245901637,0.4482758620689655,0.0,68,0.49902987342578153
0.33254590849551435,348.8194526030448,67.83125255712004,0.21428571428571427,0.5925925925925926,0.0,69,0.2559826533785669
0.687510749821959,390.30641866978124,82.19797433531174,0.3181818181818182,0.5161290322580645,0.0,66,0.7477301217005348
0.8310677395796344,432.7233199316393,75.42941100544306,0.352112676056338,0.6176470588235294,0.0,61,0.8075299449904227
0.650544993656179,432.0799261797474,56.50858254549299,0.24615384615384617,0.6451612903225806,0.5,64,0.6795357517305568
0.3909335839755623,370.0245588636569,51.900436520867494,0.29310344827586204,0.7777777777777778,0.5,59,0.40830775622480664
0.24638046726465912,388.5013910326906,68.86179173779473,0.24074074074074073,0.6153846153846154,0.0,66,0.2514058923945558
0.15746364759445997,412.1254670223595,102.87771376804064,0.23076923076923078,0.6,0.5,66,0.18562949505370158
0.9173421876742232,486.23419069186383,143.28507082370766,0.3333333333333333,0.5714285714285714,0.0,61,0.8900154582046689
0.21895707353503924,490.714533553757,105.78732942695983,0.2037037037037037,0.72,0.0,61,0.2828843436925116
0.267251847160903,470.1010855565743,93.65733149411447,0.3090909090909091,0.5769230769230769,0.0,63,0.28712481206533
0.2039007894203202,504.4846854692173,134.04579169674992,0.3148148148148148,0.52,0.0,63,0.22462397069887463
0.8349719652288128,502.5368575615473,127.1694651037137,0.352112676056338,0.38235294117647056,0.0,67,0.8024336258055993
0.19943263460699334,399.01476998673974,94.8677855828157,0.32075471698113206,0.48,0.5,67,0.20626654044629086
0.7238169160882605,509.82671980196125,122.52214167800625,0.3582089552238806,0.5,0.5,62,0.7488356596047748
0.3629844526893662,461.33445418995086,102.86836203950539,0.2631578947368421,0.48148148148148145,0.5,68,0.3330431341419915
0.8910701196927046,387.298869481431,133.76081474508868,0.2602739726027397,0.5714285714285714,0.0,66,0.8762929852975051
0.5716096744331338,338.5384162430977,86.57997183797332,0.2857142857142857,0.7586206896551724,0.0,60,0.6001967480396981
0.5032603262169059,326.36646210139816,123.97241295186667,0.22950819672131148,0.6071428571428571,0.0,67,0.5045652687140416
0.0449531283036787,329.0669361535103,98.8557261144339,0.2,0.5833333333333334,0.5,69,0.008376746165098856
0.42717182350022653,322.64953480768725,110.5682111256559,0.25862068965517243,0.6428571428571429,0.0,65,0.4021719989316141
0.555552073381115,308.81316030859404,99.23390754862321,0.4032258064516129,0.7586206896551724,0.0,56,0.5551165997873516
0.08528865596908441,309.661518835668,71.58291257029471,0.27450980392156865,0.5416666666666666,0.0,69,0.14483851367564254
0.40868878463503955,349.1686686618596,143.01399598783348,0.29310344827586204,0.75,0.0,59,0.4316107049768337
0.19966950252505944,284.14538588908863,117.22252395966208,0.4339622641509434,0.52,0.0,64,0.1566424964670282
0.5878337598553302,351.2455961904335,139.28375365103506,0.36507936507936506,0.6666666666666666,0.0,59,0.6525509735849653
0.7126990486197758,358.0098754124178,97.32335921791947,0.23880597014925373,0.5806451612903226,0.5,67,0.7408511450673725
0.5836668372545334,251.92401684500305,89.6387380079228,0.3968253968253968,0.6666666666666666,0.0,61,0.5531809214057956
0.21974532486110887,301.0902651093287,62.999214602264836,0.18518518518518517,0.6,0.0,70,0.1070156513156671
0.02594166370248263,312.3907900694179,135.75957210261848,0.2,0.6086956521739131,0.5,68,0.0
0.7418188466954659,233.90021072291137,63.00965919919076,0.36764705882352944,0.6875,0.0,62,0.766015162584859
0.6760965588470677,309.4838296646962,128.6317093697986,0.24242424242424243,0.5806451612903226,0.0,68,0.6634372126117075
0.6039549183150467,379.4047413200008,47.33607740150941,0.3333333333333333,0.6,0.0,64,0.6317069344461324
0.6842828691099165,401.1469443770981,20.83526956722153,0.21212121212121213,0.6774193548387096,1.0,65,0.7152229803646605
0.587284801135659,388.0584995581043,50.740594115882665,0.14285714285714285,0.6333333333333333,0.5,69,0.5196591134615082
0.7787677548864341,379.4167801277358,33.265257623205024,0.2463768115942029,0.5151515151515151,0.0,70,0.8407215581998564
0.25304219933633976,371.7483813852784,39.53464400024577,0.2037037037037037,0.46153846153846156,0.5,73,0.2745584516154279
0.16658005206571969,376.1516504904665,34.647328696015684,0.23076923076923078,0.6,0.0,68,0.14014785855502843
0.21741503314438215,362.0233238363528,32.781338147736385,0.25925925925925924,0.4,0.0,74,0.24295347979823118
0.0433328134547577,352.80536801685986,46.77049279388692,0.22,0.3333333333333333,0.0,78,0.1785068364933654
0.3876652475001774,473.8008509285363,87.71294861354777,0.1206896551724138,0.37037037037037035,1.0,77,0.5395674063891235
0.9293577710420269,519.9677486325934,62.82322651422411,0.2,0.22857142857142856,0.0,78,1.0
0.6285486063790747,487.11135534372596,75.79351760424042,0.2,0.3333333333333333,0.5,75,0.5899342824762912
0.647697294494114,486.4166262922596,89.94657319139365,0.15384615384615385,0.36666666666666664,0.5,75,0.6709884377218638
0.11541969390571227,480.10777457156297,63.16620544372698,0.19230769230769232,0.08333333333333333,0.0,84,0.2354884436204738
0.5254211229604284,461.8522318536162,84.78397299421107,0.2786885245901639,0.3793103448275862,0.5,71,0.5239471313972591
0.9812021581115177,481.54073367866846,91.11844424866045,0.24358974358974358,0.3888888888888889,0.5,71,0.931365010158493
0.02900523070412364,468.1478295979049,85.14490892276086,0.14,0.17391304347826086,1.0,83,0.17246114763218676
0.21227805974140468,405.1004322790424,42.448879550849476,0.12962962962962962,0.12,1.0,87,0.32049051556199765
0.13097055912211786,417.3869740765448,75.38460240162583,0.038461538461538464,0.20833333333333334,0.5,87,0.30663902117830516
0.011997354234830837,398.55713083481027,43.70179903422188,0.04,0.043478260869565216,0.5,93,0.2079893398020491
0.6230816389231798,433.322673602964,62.23636785884149,0.125,0.3333333333333333,0.0,79,0.7253445029316085
0.0028213625765304284,417.8417734229874,55.40388659313292,0.06,0.17391304347826086,0.5,87,0.12073870054573715
0.31872821513418503,415.8595715621476,38.43002524327554,0.08928571428571429,0.23076923076923078,0.0,85,0.44470766545148604
0.8713612039141527,457.283463568818,52.28223553471862,0.136986301369863,0.20588235294117646,1.0,83,1.0
0.9365067656949841,450.5610323316064,49.09127109478394,0.2,0.2222222222222222,1.0,80,1.0
0.6363249716437042,487.0690611563612,48.15869669633937,0.07692307692307693,0.23333333333333334,0.0,83,0.8138623077429925
0.7729866887893406,523.6928228484122,59.599972619487694,0.08695652173913043,0.09090909090909091,0.5,87,0.9334175157276984
0.6326399053448082,524.9514851724269,43.57677918593335,0.12307692307692308,0.23333333333333334,0.5,81,0.8011144598448194
0.15324594521086843,473.46821867627307,53.291161135844696,0.057692307692307696,0.16,0.0,87,0.3219070226066659
0.2591664264188366,497.920581278213,36.100612237204366,0.14814814814814814,0.07692307692307693,1.0,86,0.40606968730446824
0.31064379272870013,484.9563108211817,53.06043919786307,0.14285714285714285,0.07692307692307693,1.0,86,0.45005569354510255
0.08568039561298046,472.0149760750521,53.397574870153385,0.1568627450980392,0.041666666666666664,0.5,87,0.22418858850600173
0.7966747443954219,534.4897808072197,46.09195450965484,0.2,0.18181818181818182,0.5,80,0.9391538510234746
0.6993949094071499,433.35629944077647,180.93579975732388,0.373134328358209,0.5483870967741935,0.5,61,0.712303979344596
0.8641738386249594,358.5143883269262,166.75148042127216,0.3194444444444444,0.7058823529411765,0.0,59,0.8122930634303653
0.7621371028815306,397.50063290048394,137.54781478985788,0.391304347826087,0.59375,0.0,60,0.7718472364353212
0.6446739343563925,436.00727096402125,124.42242352175528,0.36923076923076925,0.6,0.5,60,0.6919180868070215
0.7297677042127478,389.4727212420436,168.22632129291836,0.3880597014925373,0.65625,0.0,58,0.7840686394365245
0.4068995469310336,367.5660392680385,150.2354517037246,0.29310344827586204,0.4074074074074074,0.0,71,0.4185421115593617
0.9931086664810169,441.7999339201675,150.60708000916912,0.38461538461538464,0.6388888888888888,0.0,58,0.9798585371327442
0.04080090723278407,325.04061730376986,87.43381715089575,0.24,0.7083333333333334,0.0,64,0.1244675066635319
0.00028878181789482316,277.1413131583938,80.50531417162772,0.12,0.043478260869565216,1.0,92,0.13921091131074206
0.9726786305374857,302.6389847358243,83.04957207180763,0.15584415584415584,0.08333333333333333,0.5,89,1.0
0.7742787422777445,276.6932847335873,62.264885985379635,0.14492753623188406,0.3333333333333333,0.5,82,0.8997585266388617
0.2396326770600612,290.1617725616092,55.98396087348034,0.09259259259259259,0.15384615384615385,1.0,90,0.378499369515572
0.8890867104272931,310.147185937747,77.85180682933772,0.1917808219178082,0.2571428571428571,0.0,82,0.99755865062633
0.7411885086723667,313.88202937177493,100.61577969080405,0.1323529411764706,0.15625,0.5,87,0.9238034634308355
0.38966097690242785,289.30393391913157,52.457326608012586,0.10344827586206896,0.18518518518518517,1.0,88,0.5440620218592334
0.9081369652763297,293.70531535294134,65.40746568458151,0.12162162162162163,0.11428571428571428,0.5,90,1.0
0.6875616888663517,520.4220472841537,161.64442038532178,0.30303030303030304,0.5806451612903226,0.5,61,0.6910465485459755
0.3811173318344949,454.49136969637146,117.99575334978238,0.3103448275862069,0.5925925925925926,0.0,62,0.32197282079521233
0.5860434320794089,450.0101397897961,168.80252261176585,0.2857142857142857,0.5666666666666667,0.0,63,0.6283881471969216
0.6351941350812702,422.1090384437865,140.3510521636657,0.18461538461538463,0.5,0.0,70,0.5838759543975822
0.5292506749375024,389.6094215660856,139.288336990929,0.26229508196721313,0.4827586206896552,1.0,69,0.5369562195182306
0.13232636937884956,414.0794820498413,165.44809915728663,0.11538461538461539,0.5833333333333334,0.0,69,0.03966249169989655
0.8767857071374449,390.6173981237834,163.49984140850756,0.3287671232876712,0.5294117647058824,0.5,64,0.935895426949944
0.22537417935001547,387.7530141952518,143.96714003690167,0.18518518518518517,0.48,0.0,71,0.18154299078428462
0.5431866325708917,475.3091835217093,40.69296886359052,0.3548387096774194,0.7586206896551724,0.0,56,0.5389257363705601
0.2994502571146801,448.3843757472803,60.64332874757206,0.32142857142857145,0.6538461538461539,0.0,61,0.3283693076735988
0.027413609104134373,446.2426755836655,39.38747871707398,0.26,0.8260869565217391,0.0,57,0.08643746008202327
0.9087755847126356,507.40280508114193,67.66384257053431,0.5135135135135135,0.8571428571428571,0.0,45,0.962271581628461
0.6460249417799787,473.85781685324434,68.75652663713659,0.4307692307692308,0.7666666666666667,0.0,52,0.5585120285763392
0.43224796718061853,440.96097106276073,32.20704081272725,0.41379310344827586,0.7142857142857143,0.0,56,0.46074884808214767
0.7711668584824491,539.9836733060948,40.55492940026,0.4057971014492754,0.78125,0.0,52,0.7625687087120121
0.9015935806771738,465.8928001224619,70.24355474599066,0.5,0.7428571428571429,0.0,51,0.9404386618187748
0.9110520517274753,330.2312411722312,165.72694697232868,0.43243243243243246,0.6857142857142857,0.5,56,0.9270605583847045
0.05452475420063485,415.14599005479624,53.126175223093355,0.26,0.8333333333333334,0.5,57,0.07679191686492948
0.6596948700656301,382.55159694614537,210.17825521218862,0.38461538461538464,0.6774193548387096,0.0,57,0.7210788881340442
0.7889015320720143,433.1198403237602,138.6815372826423,0.3333333333333333,0.6363636363636364,0.0,60,0.7828105982433933
0.4153821978579032,347.41840628146576,180.16484517420298,0.3103448275862069,0.7142857142857143,0.0,59,0.3794753781242345
0.2855035100766503,372.506101884873,203.14803957451008,0.2,0.6923076923076923,0.0,63,0.24515699587705292
0.05553347835797928,401.727166516899,177.81715346096408,0.18,0.6666666666666666,0.0,64,0.031787833933640805
0.9148222259459737,396.0607484222148,136.33398994665814,0.24324324324324326,0.6857142857142857,0.0,62,0.9873872275274194
0.7155694684505258,473.1315709814353,96.87298752023649,0.05970149253731343,0.125,0.5,87,0.8656646612075364
0.13857262052174812,446.95632064365014,87.93175111924637,0.11538461538461539,0.04,0.0,89,0.3099669797207718
0.44281676738810394,454.8336388772303,103.08524229455482,0.1016949152542373,0.17857142857142858,0.5,84,0.5862972863620848
0.7389496752445234,499.9915406316809,90.18277777434886,0.08823529411764706,0.25,0.5,81,0.8799210101056444
0.5327016608899806,434.48783224711434,79.26691644097926,0.09836065573770492,0.10344827586206896,0.5,88,0.6971738282052498
0.3969006022885546,421.5002037790447,78.08572802410409,0.1724137931034483,0.07407407407407407,0.5,86,0.5512114933279282
0.09764222046279936,436.534220911259,110.51530066114677,0.11764705882352941,0.16666666666666666,0.0,84,0.23783342620388692
0.491097145485355,435.01690597223256,81.25886938115733,0.13114754098360656,0.21428571428571427,0.5,83,0.6729463578485506
0.887628738463042,493.29933553792955,80.60284347225009,0.273972602739726,0.6,0.0,63,0.9130128686683078
0.5017060392718303,466.16616015711776,95.1190427466593,0.26229508196721313,0.5357142857142857,0.0,66,0.5181152757226156
0.809189511900126,487.66203064799817,125.56727963703779,0.37142857142857144,0.6363636363636364,1.0,58,0.8444692805323812
0.8028480366599133,559.5577078456679,69.07575026180064,0.32857142857142857,0.5454545454545454,0.0,62,0.8621971854066068
0.7258350959233623,459.95360557475334,101.26260471775639,0.2835820895522388,0.59375,0.0,63,0.7733503779311949
0.2034129397401898,449.5020736593336,67.36077881045938,0.2962962962962963,0.44,0.0,69,0.2704134699830547
0.42384928881534534,443.2632417664129,103.82041979774617,0.3275862068965517,0.42857142857142855,0.0,68,0.37530874585292007
0.8657553988868725,491.3302697023533,106.79713045308463,0.3287671232876712,0.6470588235294118,0.0,59,0.9241010738062044
0.5417864415947306,412.7676628724519,92.57612600273897,0.3225806451612903,0.5172413793103449,1.0,66,0.5668853294024653
0.3478057620952688,407.4150588396545,80.7623417203434,0.23214285714285715,0.6296296296296297,0.0,65,0.36693182080690523
0.6656166619551386,447.67317572281627,90.38713214690277,0.24615384615384617,0.6129032258064516,0.0,64,0.6477946200487925
0.49945645192163635,357.12045221818425,87.41031444625081,0.13114754098360656,0.5,0.0,74,0.5446650861627584
0.3602719197047777,373.75247280060734,92.81385242957866,0.17543859649122806,0.6666666666666666,0.0,66,0.33396131274669394
0.5605496309971295,469.65595815461666,74.69798338241245,0.2857142857142857,0.41379310344827586,0.0,70,0.5612590459091983
0.01250477395872196,393.7197250380523,73.66006685044168,0.1,0.4782608695652174,0.0,76,0.19585748695967312
0.7312818759558876,405.7464926696342,74.25702636901308,0.13432835820895522,0.59375,0.0,70,0.7465803737308364
0.03969513936686875,551.8764331924721,55.992264881155556,0.14,0.375,0.0,75,0.08836393886074173
0.20647502579264687,569.8681845860866,83.97729121757068,0.2222222222222222,0.44,0.5,69,0.17441843107046667
0.5874695594074443,600.7462891922955,89.01479026442506,0.2222222222222222,0.5666666666666667,0.5,64,0.6104055557254708
0.9905039785915231,655.6343929244118,73.5162100018311,0.1794871794871795,0.4722222222222222,0.0,67,1.0
0.0411064235124855,544.3863995930301,104.31494670694285,0.22,0.625,0.5,62,0.0317877526593383
0.858237072868266,603.5919318169031,71.21975468377617,0.2916666666666667,0.5588235294117647,0.5,62,0.866628655259903
0.7544137624171784,599.4704096647888,78.66012920718703,0.2608695652173913,0.5,0.0,65,0.7492524070236479
0.47535931414520527,580.5282541572634,82.33699024374675,0.18333333333333332,0.35714285714285715,0.5,73,0.4776125437716179
0.6909731646670859,203.9003547157626,80.84180902077645,0.48484848484848486,0.8709677419354839,0.0,51,0.7050575809233031
0.43046295598756334,205.5110234973476,96.14791307755583,0.3448275862068966,0.8571428571428571,0.0,56,0.4032128972269115
0.49101089211740445,246.6605715038717,87.47286554523306,0.4426229508196721,0.7857142857142857,0.0,56,0.4948832456164904
0.8687614472887153,227.5018244603497,59.41514798760466,0.547945205479452,0.7941176470588235,0.0,52,0.9053094700296247
0.22928685390262238,225.76459273700743,62.45977822723693,0.3148148148148148,0.84,0.0,59,0.18086071653346672
0.9808723093634613,337.68678608709797,148.17961850853055,0.5,0.7777777777777778,0.0,51,0.9492937568679998
0.22084555838706865,307.1225695350433,118.70792258757521,0.37037037037037035,0.76,0.0,57,0.20390453235671274
0.09814564984180263,336.10787831060634,38.26092940689325,0.37254901960784315,0.8333333333333334,0.0,55,0.08648165762800149
0.32102016248402065,342.11420887357946,170.73737523012122,0.32142857142857145,0.7692307692307693,0.0,57,0.3357944754202547
0.1398408808365741,392.3340155961913,280.8761471551667,0.28846153846153844,0.64,0.0,60,0.14819314827038507
0.6960785696654955,227.70528307224671,80.78087460692194,0.417910447761194,0.7096774193548387,0.0,59,0.7084891731663138
0.299621213336692,500.25063094092263,170.75351466660976,0.25,0.8076923076923077,0.0,55,0.253687121293674
0.3654804780660995,270.0357355742474,192.16921948571613,0.2982456140350877,0.7037037037037037,0.0,61,0.38984249674056753
0.7244413012580468,253.2826033826266,77.51529415308542,0.3582089552238806,0.8125,0.0,58,0.7586565492678647
0.17246467421399825,180.92072841496974,75.34404199981556,0.33962264150943394,0.6,0.5,66,0.14261898664679834
0.7000345299713397,330.6086015181166,104.06343929960039,0.3283582089552239,0.8387096774193549,0.0,56,0.6903200385737025
0.6919118161598402,424.1755398203121,70.46604709715034,0.3333333333333333,0.6774193548387096,0.0,60,0.7591070413813891
0.39486094374062786,373.3597568214129,64.98738293549724,0.43103448275862066,0.6296296296296297,0.0,59,0.3612077225445904
0.002737571655727411,362.04418870428424,67.00439646603222,0.34,0.6521739130434783,0.0,62,0.0
0.3229980454114584,357.8762171083083,37.575179387232424,0.39285714285714285,0.6923076923076923,0.5,59,0.31892999488021806
0.5109233815428742,378.1129770992626,62.131530502668326,0.36065573770491804,0.5357142857142857,0.0,65,0.5589004946799826
0.7582186401696729,368.951018423692,50.75036819438564,0.4782608695652174,0.65625,0.0,57,0.7835445864440692
0.2899832979135202,365.44514681184523,55.976870911905394,0.32727272727272727,0.5769230769230769,0.0,65,0.34232895455413
0.13363364983215587,360.02408896707595,40.5593365657031,0.3269230769230769,0.625,0.0,64,0.16941213185915804
0.3843014905635428,576.9945721576107,54.372965911557536,0.05172413793103448,0.4074074074074074,0.0,76,0.5166320665405226
0.05609710797422196,538.5512982961725,39.998199496044094,0.1,0.375,1.0,77,0.24778727539023612
0.7519889081228139,576.0815461417923,48.769893945073676,0.20588235294117646,0.46875,0.0,69,0.7135714645579063
0.3097198249234008,563.6771649670109,44.993826350004404,0.10714285714285714,0.3076923076923077,0.5,78,0.48869793729309663
0.032929823065096286,556.9514532995034,44.76015338665258,0.14,0.125,0.0,84,0.21805036509115575
0.4381609492155819,546.1067337929692,57.9043905389011,0.2033898305084746,0.6071428571428571,1.0,64,0.4068283009338237
0.553981500114502,543.7902930816913,49.391032603715296,0.1774193548387097,0.4827586206896552,0.0,70,0.5576161073289291
0.6043877950180606,571.9086673118908,46.05279620456427,0.2222222222222222,0.5,0.0,67,0.6495572961065514
0.2591607384660226,388.3247463096623,46.11508292359781,0.14814814814814814,0.038461538461538464,0.5,90,0.3847411873661127
0.30022298311685813,398.1569939464375,48.86815982675265,0.26785714285714285,0.07692307692307693,1.0,84,0.44703191559873773
0.659648390950852,398.5054204751857,48.956295110231025,0.1076923076923077,0.12903225806451613,1.0,88,0.8120862303109111
0.19698616533521396,375.3196688618642,51.38727686947422,0.1320754716981132,0.0,1.0,92,0.3772467814447561
0.5429350581514846,380.0756041935344,68.8101214879695,0.11290322580645161,0.13793103448275862,0.5,87,0.6723543970444356
0.6173355684125285,411.5299826400002,55.6484571868894,0.078125,0.0,1.0,93,0.7918334552106716
0.4588270430730227,388.50781707508827,56.585952977967665,0.23728813559322035,0.10714285714285714,0.5,84,0.604949346270427
0.3952430542036369,405.7665211811119,51.751492174839015,0.1724137931034483,0.037037037037037035,1.0,89,0.5222968484418182
0.4673349551044046,473.8644479802515,39.04776680842781,0.2,0.4642857142857143,0.0,71,0.4491830616084957
0.9140231873030877,498.06894467283087,43.77894135939583,0.28378378378378377,0.37142857142857144,0.0,71,0.869029498806706
0.6460737080342142,520.0688179270286,35.312758345552076,0.24615384615384617,0.43333333333333335,0.0,70,0.5663313642574512
0.29799429317679993,490.34557174100024,66.11445752583954,0.14285714285714285,0.5384615384615384,0.5,70,0.2924679795403779
0.14042864293341584,460.800754178308,52.90033819654761,0.17307692307692307,0.36,0.0,76,0.291538521088428
0.5458617691420651,474.5787239612993,32.89597575569235,0.2903225806451613,0.5862068965517241,0.0,64,0.5428955957183627
0.5254494407346991,479.86719376247765,42.29045398922286,0.16393442622950818,0.4827586206896552,0.0,72,0.5704173227271773
0.6242945593476039,495.66504872864334,41.065914433213976,0.359375,0.5333333333333333,0.5,63,0.6046053180589248
0.9106695974542898,295.3245744609499,89.00529198381325,0.21621621621621623,0.5142857142857142,0.0,72,0.8878620248635488
0.6420907208334156,348.92345595857176,99.29504647633631,0.2153846153846154,0.4666666666666667,0.0,72,0.6334834846507176
0.7446942073184871,340.4841628274502,112.98144295383815,0.19117647058823528,0.34375,0.0,77,0.9045161383289277
0.9964584481826154,344.99876090348107,115.15304143042611,0.20512820512820512,0.43243243243243246,0.0,74,0.9331570411493819
0.5707726611961191,318.14400373548153,74.7082654094785,0.2222222222222222,0.3103448275862069,0.0,79,0.762338246909456
0.18766657220204497,308.6141359747219,115.32487363080867,0.18867924528301888,0.36,0.5,78,0.33662706929407304
0.7684751355521473,311.9113745760374,96.65292697555236,0.2028985507246377,0.375,1.0,77,0.8852898782805295
0.16447553616001498,315.63626837471776,110.14475212813724,0.23076923076923078,0.4,0.5,75,0.15864057097430123
0.13598778791485233,361.717846599982,83.1382189818665,0.1346153846153846,0.04,0.5,90,0.2808064701449281
0.22253886723085492,375.86940052213873,66.1463168139499,0.1111111111111111,0.0,0.5,92,0.40289782370771476
0.20722455829522846,403.60642758382284,58.395259946034905,0.2222222222222222,0.04,0.5,87,0.32585235379624455
0.5542875425451662,410.51570443796123,43.5782070794986,0.22580645161290322,0.034482758620689655,0.5,87,0.6924832505372573
0.028691597953832804,394.79218073096973,27.713054990143494,0.28,0.08695652173913043,1.0,84,0.1674374520601092
0.5154073107583497,409.622928379822,54.22903160148361,0.18032786885245902,0.06896551724137931,1.0,87,0.7027976400788543
0.762971853312611,425.7877200120191,54.36151593115324,0.18840579710144928,0.0625,0.5,87,0.9067913727500083
0.48911132502938504,378.9218483807267,84.58069019253902,0.16393442622950818,0.14285714285714285,0.5,85,0.6385810125042071
0.9804114397653967,677.2747208512808,121.37571566921845,0.5,0.8055555555555556,0.0,43,0.8514974524910763
0.029604370634228494,519.0534155620782,134.25491565593072,0.36,0.8260869565217391,0.0,51,0.0
0.2356453983663599,583.3048737783569,113.60933285000932,0.37037037037037035,0.8076923076923077,0.5,50,0.30289816129430336
0.7889690314779899,579.9455450627145,147.58751973660682,0.463768115942029,0.7878787878787878,0.0,47,0.7763686837666891
0.21463163388660356,381.95582807936705,143.02592490985754,0.35185185185185186,0.92,0.0,50,0.22691670386403648
0.2109249867065236,401.92392609850646,150.0,0.3333333333333333,0.96,0.5,49,0.1653896726735089
0.2524850614604579,510.5833801702467,101.39691650476962,0.37037037037037035,0.8076923076923077,0.0,52,0.17066273672459803
0.37821467332918857,591.0317354556137,79.02147106232661,0.3333333333333333,0.7037037037037037,0.0,55,0.384625764195752
0.4229226783467349,664.8422866329961,120.96103652375263,0.13793103448275862,0.42857142857142855,0.5,69,0.3947035274849874
0.8146405049185148,605.8440230863526,107.5521058538428,0.16901408450704225,0.6363636363636364,0.0,63,0.7772479057345639
0.7684506156845579,659.4020447917461,168.62415507155174,0.2608695652173913,0.5,0.0,62,0.7102341625836945
0.5889055656060371,612.4281877298174,176.96116114144476,0.23809523809523808,0.5333333333333333,0.0,62,0.648798204637005
0.6745833569691153,642.3936019471798,120.51313159212839,0.16666666666666666,0.4838709677419355,0.0,67,0.6482681095438341
0.9160146275810672,672.786337675835,128.41881432672264,0.30666666666666664,0.5714285714285714,0.0,58,0.9494272470283962
0.09660640302518253,580.2816669601489,58.19413516517014,0.1568627450980392,0.6666666666666666,0.5,63,0.1380658490561353
0.7045121080993293,671.2883491667308,124.73646025008235,0.19402985074626866,0.41935483870967744,0.0,68,0.5944057056656784
0.5916303936863645,449.55535827368135,60.89197863645383,0.2222222222222222,0.4,0.5,73,0.5926711808365319
0.5473606801655327,415.12565148890906,126.56637923994627,0.11290322580645161,0.20689655172413793,1.0,83,0.6765406211580796
0.9733451215050566,453.6935663496852,124.37163195273035,0.16883116883116883,0.3333333333333333,0.5,76,1.0
0.8135019813348853,420.2800527181999,113.64989237485936,0.2112676056338028,0.09090909090909091,0.0,84,0.9572090424721168
0.372367124407997,440.2253052281419,73.85605848701998,0.19298245614035087,0.18518518518518517,1.0,82,0.5256371708119406
0.8923209832833634,433.1731919556815,112.7272273568972,0.2602739726027397,0.22857142857142856,0.0,77,1.0
0.7758000904439745,432.6835763476827,114.96488436167456,0.18840579710144928,0.21212121212121213,0.5,80,0.9310273179603299
0.8456768991174543,437.9915102415026,140.9800936988818,0.16901408450704225,0.2647058823529412,0.0,79,1.0
0.5409253376291999,567.6270081429051,79.59367307173524,0.12903225806451613,0.2413793103448276,0.5,79,0.6785753580864452
0.35643908055263196,504.7999541795731,146.82505173504018,0.07017543859649122,0.4074074074074074,0.0,75,0.40754734977124574
0.36311873795840055,468.1145833130861,142.378942684463,0.17543859649122806,0.3333333333333333,0.5,75,0.41064438445121515
0.3125898155369261,417.9987803798663,86.5878764076443,0.10714285714285714,0.2692307692307692,0.5,82,0.47745552840060845
0.2823211987576423,439.75978417115317,96.87389493250421,0.14545454545454545,0.3076923076923077,0.5,79,0.4848134973357672
0.235405572906222,439.2655057930398,151.53749782755565,0.037037037037037035,0.23076923076923078,0.5,84,0.38170553700416043
0.06534079465401632,418.821870192911,114.81070156398334,0.14,0.375,1.0,77,0.20786989425425328
0.29473828319320117,479.13930991995426,98.3556445596527,0.21428571428571427,0.11538461538461539,0.5,82,0.44113118276053104
0.9407353728017412,379.17462121440434,35.52845779230088,0.3333333333333333,0.3611111111111111,0.5,72,0.9797473873855429
0.8968659657705217,381.98287006757687,48.937613179133365,0.3150684931506849,0.4857142857142857,0.5,68,0.8754941419902819
0.8002626062828223,392.8255954082781,37.87811532740134,0.21428571428571427,0.5454545454545454,0.5,70,0.7903117101249244
0.8138629590391678,381.0716316206472,35.1265384346238,0.2112676056338028,0.48484848484848486,0.5,72,0.7438725409949438
0.35684677205194215,355.8335827810082,37.65550409993081,0.17543859649122806,0.5185185185185185,0.5,73,0.36884795506140444
0.7745021327752266,369.8093295196496,36.94005267486696,0.15942028985507245,0.42424242424242425,0.5,76,0.9171414456890364
0.5336507032045654,362.3903818727866,27.10521502689276,0.16393442622950818,0.3448275862068966,0.0,79,0.6733770550641522
0.3241081849128846,361.0535914354071,47.61475661091335,0.08928571428571429,0.4444444444444444,0.5,78,0.4407923310068243
0.6939890244655594,362.6396767173216,51.97441408588042,0.07462686567164178,0.03225806451612903,0.5,93,0.8688967459505685
0.9283470157645495,380.1426750037402,48.40561370514682,0.10666666666666667,0.14285714285714285,0.5,88,1.0
0.3950818933939362,347.192678503594,38.67565855776521,0.10344827586206896,0.037037037037037035,0.0,92,0.5423501285921126
0.5379174049916968,379.53113965085356,50.50738937913444,0.06451612903225806,0.10344827586206896,0.5,91,0.6555813843382908
0.013064210032099122,327.4282142130814,44.69379993212636,0.06,0.043478260869565216,1.0,94,0.16009583261258012
0.003109669526582426,348.7022921212116,49.0441182082862,0.1,0.13043478260869565,1.0,89,0.13447518259369948
0.7893822815751124,370.53344756491913,44.594129751059086,0.14492753623188406,0.030303030303030304,0.5,91,0.9664244345522526
0.24445564969115596,350.1381919918642,43.151382282627594,0.037037037037037035,0.07692307692307693,1.0,93,0.40943535646976903
0.43308444178959227,476.0200042978222,94.83312076809419,0.3103448275862069,0.7142857142857143,0.0,58,0.4523353683318223
0.19911326678612806,571.0249587846477,207.10345400577827,0.37735849056603776,0.56,0.0,57,0.25892157328207666
0.1373061402368173,499.5921787823676,173.04266532694092,0.2692307692307692,0.64,0.0,60,0.1605518710869416
0.9570034580204841,552.2601746168868,128.75921959192362,0.2894736842105263,0.75,0.0,55,0.9169162858059765
0.8162273587389068,498.3318059523407,91.91531169472641,0.4225352112676056,0.7272727272727273,0.0,53,0.7617948472635259
0.6442807084547717,509.571600600502,129.28734851841685,0.27692307692307694,0.7,0.0,58,0.6564773646479788
0.636399206073629,490.94613433979487,168.63031949909254,0.36923076923076925,0.5666666666666667,0.0,59,0.6644346642967887
0.5313755471624677,517.9165462922645,105.08041102234353,0.39344262295081966,0.6896551724137931,0.0,55,0.5726668671868952
0.3627105493434216,457.4905929027675,28.247826822940652,0.3508771929824561,0.6666666666666666,0.0,60,0.32332359984735765
0.031672253057347,478.3614078919635,45.602942993596216,0.26,0.7916666666666666,0.5,58,0.12205608138202897
0.5230111253378402,473.4005272518507,31.68401452565359,0.2786885245901639,0.7586206896551724,0.0,58,0.5277043890645255
0.003141983178373886,474.4851355627958,57.49537948214188,0.28,0.5652173913043478,0.5,65,0.0
0.8615211204012799,492.5945828131614,50.31994213989421,0.2916666666666667,0.7352941176470589,0.0,58,0.8852144099963853
0.8066943208929174,493.23470444345185,33.9921616555192,0.3,0.696969696969697,0.0,59,0.8210174288864768
0.9587577191052783,530.7483785092522,48.89995352159368,0.4342105263157895,0.6944444444444444,0.0,54,0.8892386352121803
0.6819508585816063,466.3730547994904,42.297139517680876,0.3939393939393939,0.6774193548387096,0.0,57,0.7095105937113648
0.555448553165318,360.9338449621391,41.32379762384696,0.06451612903225806,0.06896551724137931,0.5,92,0.7173117986605678
0.6219905819979162,358.509743972941,49.45388360971423,0.140625,0.03333333333333333,0.5,91,0.7463665909095044
0.9760275519076328,368.44682868009414,39.7015329539082,0.12987012987012986,0.1388888888888889,1.0,87,1.0
0.5460282411649621,351.3368039421969,34.0268609965735,0.0967741935483871,0.3103448275862069,0.5,83,0.6827695095574902
0.4516736203635717,338.317549569876,42.45532166537342,0.0847457627118644,0.17857142857142858,1.0,88,0.6079335734603725
0.9038847747036313,363.6596932998008,44.56759366261542,0.16216216216216217,0.11428571428571428,0.5,87,1.0
0.08269881530839551,332.24855292828346,49.7316802005746,0.09803921568627451,0.08333333333333333,1.0,91,0.23060044387274015
0.09272168686822202,349.39085215518503,41.717946518236594,0.058823529411764705,0.25,0.5,86,0.298677261955939
0.963708654450003,593.5567083678305,101.03696096961981,0.35064935064935066,0.5277777777777778,0.0,60,1.0
0.44261396725050073,511.3334375993743,70.42439692948422,0.22033898305084745,0.5357142857142857,0.0,67,0.3979365437046097
0.5628400108196041,528.1002512364564,118.47994545232281,0.2857142857142857,0.4827586206896552,0.0,65,0.5011003327147818
0.3795017863534813,534.1685499549496,91.29550077825151,0.2631578947368421,0.37037037037037035,0.5,70,0.36547629658657893
0.13863646900580784,467.2257472951516,88.0493732112162,0.11538461538461539,0.56,0.0,70,0.13736916298052113
0.4330360099085748,534.1490089442011,85.73175795773506,0.25862068965517243,0.6428571428571429,0.0,61,0.4374677336394526
0.8465354261056364,547.6183465722874,101.72657504183438,0.2676056338028169,0.4411764705882353,0.5,67,0.8700202304760029
0.3426886540606049,592.4278229010315,109.5757461806956,0.30357142857142855,0.5925925925925926,0.0,60,0.3073508314544004
0.7722858155794213,333.0970773442277,29.820717211221886,0.2318840579710145,0.5625,0.0,70,0.7249517384486552
0.27542932730029823,325.2233617216977,33.24740706865808,0.21818181818181817,0.5384615384615384,1.0,71,0.35023316000876636
0.6130780266803163,332.9934434035157,44.754310697005806,0.203125,0.6333333333333333,0.0,68,0.5699023897083527
0.7272249246254981,338.33869366868583,39.124694282802594,0.3582089552238806,0.46875,0.0,69,0.783529475844013
0.6474416827027039,351.0748091504786,37.991936688656985,0.3076923076923077,0.5666666666666667,0.0,67,0.6565116108325806
0.3328382150482724,308.6104961337032,38.917082497300065,0.25,0.5555555555555556,0.5,70,0.2802019339228673
0.25626805253097695,320.5635223463611,34.30207557694091,0.14814814814814814,0.5,0.5,75,0.25590946143093274
0.1399551450133295,320.2886491462765,39.22530735157678,0.3269230769230769,0.36,0.0,74,0.17605643727751172
0.4679418393419189,389.5716021731736,136.0927143084216,0.3,0.6071428571428571,0.0,63,0.5210171127096476
0.7883342849493369,548.6027599174314,172.262647989555,0.42028985507246375,0.5151515151515151,0.0,58,0.7952285180183879
0.8482385195963733,357.5889460200833,184.12395619630382,0.3194444444444444,0.6176470588235294,0.5,62,0.8547435778598009
0.41716468685238184,496.50302977665154,242.37169170881367,0.29310344827586204,0.5,0.0,63,0.39908345046244076
0.30517246207382176,482.7997894268951,241.9350091471949,0.26785714285714285,0.5384615384615384,0.0,63,0.3142591554877197
0.31226940870580666,493.79585054171554,179.92832351259216,0.39285714285714285,0.5384615384615384,0.5,59,0.2758255013790244
0.8300607201970924,446.66861555334424,199.9854935586591,0.30985915492957744,0.4117647058823529,0.0,67,0.8264004405481268
0.4978512319316749,403.04697258021093,178.78586789080902,0.2459016393442623,0.6071428571428571,0.5,64,0.5049731848738657
0.450527237811019,344.1219637701182,69.95914407511215,0.1016949152542373,0.03571428571428571,1.0,92,0.6026593524623207
0.997915185498772,404.95713744443395,71.17841104843532,0.16666666666666666,0.1891891891891892,0.5,83,1.0
0.1988873291650758,363.37376670220397,69.97481616451212,0.1320754716981132,0.2,1.0,85,0.3864124190658128
0.9861275855760226,400.4252149122273,63.38628069160689,0.16666666666666666,0.16666666666666666,0.5,84,1.0
0.1640045081400433,333.33646418528843,58.16418938902474,0.21153846153846154,0.24,0.0,81,0.3004986078837889
0.9123516754727385,404.6474587921775,67.07757280842853,0.16216216216216217,0.22857142857142856,0.5,82,1.0
0.9650724302430861,371.9559395909343,83.10412186073867,0.16883116883116883,0.2777777777777778,0.0,80,1.0
0.8257352429429614,417.36341499234265,76.6307413341704,0.23943661971830985,0.24242424242424243,1.0,78,0.9652745787265448
0.5397924094297345,279.5457090138041,110.2200343330932,0.3387096774193548,0.7586206896551724,0.0,59,0.5729917485409606
0.8716122786656209,203.57493693255714,61.882137352677915,0.3972602739726027,0.7352941176470589,0.5,59,0.8888677313445839
0.15802892754175257,247.97248163847217,103.59714723589403,0.38461538461538464,0.72,0.0,60,0.1778335002306809
0.549146997214261,302.62176033510525,169.2229722669728,0.27419354838709675,0.6896551724137931,0.0,62,0.5075074663139195
0.1783060387247134,235.26941803923668,117.11923946804758,0.24528301886792453,0.76,0.0,63,0.12447910570356485
0.8162703426196826,321.75921050552773,80.51199249064541,0.39436619718309857,0.9090909090909091,0.0,52,0.8148236408772619
0.427057056770516,257.94317996335246,81.08388394915758,0.3275862068965517,0.7142857142857143,0.0,62,0.5122432733482554
0.08403239081281055,367.17215889318663,79.34924554092716,0.3333333333333333,0.875,0.5,54,0.06084768710121746
0.8882491460413531,358.34073227681756,117.90663117641492,0.273972602739726,0.6,0.5,65,0.8352815652335553
0.13113917705720746,270.7871067829207,98.08459400875942,0.3269230769230769,0.5,0.5,69,0.16693282787779462
0.537597487686177,377.48417784690946,106.85058728019969,0.16129032258064516,0.4482758620689655,0.5,74,0.5593341939022917
0.346924566167932,310.97823440105583,110.6106703506476,0.30357142857142855,0.4074074074074074,0.0,72,0.25423500367970747
0.35098949350482833,289.40379365887947,120.02771955979304,0.21428571428571427,0.48148148148148145,0.0,73,0.3422090720401764
0.1581782488059611,296.28987924484113,79.58931876586924,0.28846153846153844,0.4,0.5,74,0.15605112241776112
0.7150221272813138,344.82550954152674,138.0070305989577,0.26865671641791045,0.5625,0.0,67,0.7497768361795364
0.9328771596334516,332.50807801796446,84.16417713583446,0.3333333333333333,0.3611111111111111,0.0,73,0.9905165197718737
0.787030973416193,452.4081573651389,81.85829387057694,0.11594202898550725,0.21212121212121213,0.0,83,0.952859741763813
0.522547907751665,485.11284812825136,71.6547667216325,0.14754098360655737,0.27586206896551724,1.0,79,0.702672796558127
0.6851808587491992,464.2467501983892,85.80156814514255,0.09090909090909091,0.3225806451612903,0.5,80,0.8351677406445585
0.10663711644282892,420.7757567569896,75.78805732768876,0.1346153846153846,0.25,1.0,82,0.25492004421670544
0.9749206291654735,482.79736795227757,91.98105926220424,0.15584415584415584,0.19444444444444445,0.5,81,1.0
0.11239423695627004,415.3497649985759,89.3951768850056,0.07692307692307693,0.125,0.5,88,0.25783978613352254
0.8509821074010324,442.1824810023093,88.63737279333313,0.125,0.11764705882352941,0.5,86,1.0
0.39523401608190645,439.8286854636337,80.21148515148802,0.13793103448275862,0.1111111111111111,1.0,86,0.5706291650613555
0.49624300917224584,324.50080778745814,117.21178953747152,0.4262295081967213,0.7857142857142857,0.0,54,0.5468597911660981
0.7242195709519794,274.76056623882346,107.4763063863599,0.47761194029850745,0.875,0.0,50,0.6975102927345411
0.9421188042181013,356.24178287866465,93.31900377841512,0.5466666666666666,0.6666666666666666,0.5,54,0.9114773010016228
0.604070735519313,328.2672634139329,140.94373598894444,0.4126984126984127,0.7,0.5,57,0.5980743951319473
0.07170124918021337,239.22106830671964,95.02123862994003,0.27450980392156865,0.8333333333333334,0.5,60,0.04134161771073741
0.6670212555941365,275.2698863463414,101.57116121807817,0.4153846153846154,0.7419354838709677,0.0,57,0.6925545621990111
0.7011679445063252,150.0,0.0,0.44776119402985076,0.9354838709677419,0.0,52,0.6927199170168122
0.16986223621835295,322.5501847558171,109.97408440153484,0.2641509433962264,0.76,0.0,61,0.18634131181385744
0.47030886968220154,492.78274940209434,71.04225755151064,0.15,0.07142857142857142,0.0,86,0.6092570238372055
0.3810472405334193,494.23788442563205,76.75644114364513,0.05172413793103448,0.07407407407407407,0.5,89,0.5389788306322506
0.2890211651251344,477.00958194134296,84.57733329115638,0.10909090909090909,0.038461538461538464,0.5,89,0.463584655996426
0.2057314047504245,484.0142700080933,76.4991373313689,0.09259259259259259,0.0,1.0,91,0.3642137611197323
0.16685425424714984,478.66332660989593,99.47660002805313,0.057692307692307696,0.0,1.0,92,0.31187872770170927
0.0350544067252504,486.07123814953815,80.91049300707743,0.1,0.0,0.5,90,0.18974434605985066
0.8483012713693654,534.2049853426417,72.19290732345983,0.08333333333333333,0.058823529411764705,1.0,88,0.9800780830893351
0.9765442340232402,552.4287515627456,85.02265628600301,0.11688311688311688,0.05555555555555555,0.0,86,1.0
0.9849960348221981,471.81680065779557,108.68910094143426,0.2948717948717949,0.6666666666666666,1.0,60,1.0
0.7845953283114108,483.93280896311376,80.84096597309372,0.30434782608695654,0.5454545454545454,0.5,64,0.816705639433132
0.17346420517777572,420.9819055096272,63.2403928240767,0.1509433962264151,0.36,0.0,77,0.34904125573952355
0.5710288204228191,500.6339960649902,104.60554773082967,0.20634920634920634,0.5172413793103449,0.0,68,0.5917465592761422
0.6799989539408358,472.9632392579942,73.91488502088785,0.24242424242424243,0.6451612903225806,0.0,63,0.7382453258701653
0.9474175053982403,483.76054465713906,85.03449970633427,0.29333333333333333,0.6111111111111112,0.0,62,0.9129431369009311
0.11701948343477109,468.9437025741669,71.56390036256148,0.09615384615384616,0.4166666666666667,0.0,76,0.2598251481115536
0.05964391846076589,410.0225640140665,96.8755302725861,0.12,0.375,0.0,78,0.2226282370127363
